review_id,caterer_id,caterer_name,cuisine_type,performance_tier,review_date,star_rating,review_text,word_count
117,2,Spice Route Catering,Indian,gold,2023-01-02,4,Showed up early and had everything ready before our guests arrived. The quality of the ingredients was outstanding.,18
300,4,Bella Cucina Events,Italian,platinum,2023-01-02,5,Our team raved about the food all afternoon. Portions were generous and well-presented. We will definitely be ordering again.,19
1141,14,Garden State Greens,Vegetarian,silver,2023-01-02,4,Best catering we have had in the office. The quality of the ingredients was outstanding.,15
841,11,Saffron House,Middle Eastern,gold,2023-01-03,5,"Our team raved about the food all afternoon. Each item was packaged individually, which our team appreciated. We have used them three times and they get better every time.",29
131,2,Spice Route Catering,Indian,gold,2023-01-04,4,Hot food arrived hot — impressive logistics. The quality of the ingredients was outstanding.,14
529,7,The Grain Bowl,American,silver,2023-01-05,4,The delivery team handled a difficult parking situation gracefully. The delivery team handled a difficult parking situation gracefully.,18
244,3,Harbor Fresh Kitchen,American,silver,2023-01-05,5,Hot food arrived hot — impressive logistics. Incredibly fresh — you could taste the quality. Highly recommend to other offices in the area.,23
828,11,Saffron House,Middle Eastern,gold,2023-01-05,5,Hot food arrived hot — impressive logistics. Incredibly fresh — you could taste the quality. Worth every penny for a team of 50.,23
587,7,The Grain Bowl,American,silver,2023-01-05,4,Hot food arrived hot — impressive logistics. Packaging was neat and easy to serve.,14
371,5,Green Garden Catering,Vegetarian,gold,2023-01-06,5,"The food exceeded our expectations. Everything was labeled clearly, including allergen info. Our go-to caterer for all company events.",19
426,5,Green Garden Catering,Vegetarian,gold,2023-01-07,5,Our team raved about the food all afternoon. On-time delivery made our event stress-free. Great value for the price.,19
773,10,New England Deli,American,needs_improvement,2023-01-08,4,Showed up early and had everything ready before our guests arrived. The delivery team handled a difficult parking situation gracefully.,20
1017,13,The Smokehouse BBQ,BBQ,silver,2023-01-08,4,Delivery was prompt and professional. The food exceeded our expectations.,10
1179,15,Federal Street Fare,American,needs_improvement,2023-01-08,4,"Everything tasted fresh and flavorful. Each item was packaged individually, which our team appreciated.",14
440,6,Taqueria Del Sol,Mexican,gold,2023-01-10,4,Everything tasted fresh and flavorful. The food exceeded our expectations.,10
808,10,New England Deli,American,needs_improvement,2023-01-10,4,"Arrived right on time, which is rare. Eco-friendly containers were a nice touch.",13
1165,15,Federal Street Fare,American,needs_improvement,2023-01-11,4,Everything tasted fresh and flavorful. The quality of the ingredients was outstanding.,12
575,7,The Grain Bowl,American,silver,2023-01-13,5,Delivery was prompt and professional. Incredibly fresh — you could taste the quality. Already booked our next order.,18
314,4,Bella Cucina Events,Italian,platinum,2023-01-13,5,The quality of the ingredients was outstanding. Showed up early and had everything ready before our guests arrived. Affordable and filling — will order again.,25
138,2,Spice Route Catering,Indian,gold,2023-01-13,4,"Arrived right on time, which is rare. On-time delivery made our event stress-free.",13
1139,14,Garden State Greens,Vegetarian,silver,2023-01-14,4,The delivery team handled a difficult parking situation gracefully. The food was absolutely delicious.,14
796,10,New England Deli,American,needs_improvement,2023-01-14,4,"Best catering we have had in the office. Everything was labeled clearly, including allergen info.",15
386,5,Green Garden Catering,Vegetarian,gold,2023-01-14,5,The food exceeded our expectations. Showed up early and had everything ready before our guests arrived. Already booked our next order.,21
750,9,Seoul Kitchen Catering,Korean,gold,2023-01-15,5,Best catering we have had in the office. Portions were generous and well-presented. Highly recommend to other offices in the area.,21
264,4,Bella Cucina Events,Italian,platinum,2023-01-16,5,A perfect variety of options for all dietary needs. Portions were generous and well-presented. Our go-to caterer for all company events.,21
818,10,New England Deli,American,needs_improvement,2023-01-16,4,"The food exceeded our expectations. Each item was packaged individually, which our team appreciated.",14
1171,15,Federal Street Fare,American,needs_improvement,2023-01-16,4,Hot food arrived hot — impressive logistics. Portions were generous and well-presented.,12
142,2,Spice Route Catering,Indian,gold,2023-01-18,4,Showed up early and had everything ready before our guests arrived. The quality of the ingredients was outstanding.,18
103,2,Spice Route Catering,Indian,gold,2023-01-19,5,"Arrived right on time, which is rare. The food was absolutely delicious. Great value for the price.",17
799,10,New England Deli,American,needs_improvement,2023-01-20,4,Our team raved about the food all afternoon. Portions were generous and well-presented.,13
839,11,Saffron House,Middle Eastern,gold,2023-01-21,5,Best catering we have had in the office. The quality of the ingredients was outstanding. Competitive pricing without sacrificing quality.,20
822,10,New England Deli,American,needs_improvement,2023-01-22,4,On-time delivery made our event stress-free. Showed up early and had everything ready before our guests arrived.,17
414,5,Green Garden Catering,Vegetarian,gold,2023-01-22,5,Best catering we have had in the office. Our team raved about the food all afternoon. We have used them three times and they get better every time.,28
745,9,Seoul Kitchen Catering,Korean,gold,2023-01-22,5,"Arrived right on time, which is rare. The food was absolutely delicious. Highly recommend to other offices in the area.",20
557,7,The Grain Bowl,American,silver,2023-01-22,4,The quality of the ingredients was outstanding. Showed up early and had everything ready before our guests arrived.,18
632,8,Mediterranean Table,Mediterranean,platinum,2023-01-23,5,Everything tasted fresh and flavorful. Best catering we have had in the office. Worth every penny for a team of 50.,21
303,4,Bella Cucina Events,Italian,platinum,2023-01-23,4,"The food was absolutely delicious. Everything was labeled clearly, including allergen info.",12
578,7,The Grain Bowl,American,silver,2023-01-23,4,A perfect variety of options for all dietary needs. The quality of the ingredients was outstanding.,16
832,11,Saffron House,Middle Eastern,gold,2023-01-26,4,The quality of the ingredients was outstanding. The food was absolutely delicious.,12
148,2,Spice Route Catering,Indian,gold,2023-01-26,4,The food was absolutely delicious. On-time delivery made our event stress-free.,11
598,8,Mediterranean Table,Mediterranean,platinum,2023-01-27,4,"Portions were generous and well-presented. Everything was labeled clearly, including allergen info.",12
286,4,Bella Cucina Events,Italian,platinum,2023-01-27,5,The flavors were bold and authentic. Our team raved about the food all afternoon. Affordable and filling — will order again.,21
326,4,Bella Cucina Events,Italian,platinum,2023-01-28,5,On-time delivery made our event stress-free. Incredibly fresh — you could taste the quality. We will definitely be ordering again.,20
75,1,Boston Box Lunch Co.,American,platinum,2023-01-29,5,"Incredibly fresh — you could taste the quality. Arrived right on time, which is rare. We have used them three times and they get better every time.",27
482,6,Taqueria Del Sol,Mexican,gold,2023-01-29,5,The food was absolutely delicious. Packaging was neat and easy to serve. Already booked our next order.,17
1070,14,Garden State Greens,Vegetarian,silver,2023-01-30,5,Showed up early and had everything ready before our guests arrived. Delivery was prompt and professional. Competitive pricing without sacrificing quality.,21
192,3,Harbor Fresh Kitchen,American,silver,2023-01-30,4,On-time delivery made our event stress-free. Eco-friendly containers were a nice touch.,12
657,8,Mediterranean Table,Mediterranean,platinum,2023-01-31,5,"On-time delivery made our event stress-free. Each item was packaged individually, which our team appreciated. Already booked our next order.",20
1181,15,Federal Street Fare,American,needs_improvement,2023-01-31,4,Showed up early and had everything ready before our guests arrived. On-time delivery made our event stress-free.,17
573,7,The Grain Bowl,American,silver,2023-02-01,4,Best catering we have had in the office. Incredibly fresh — you could taste the quality.,16
710,9,Seoul Kitchen Catering,Korean,gold,2023-02-02,4,Delivery was prompt and professional. The flavors were bold and authentic.,11
209,3,Harbor Fresh Kitchen,American,silver,2023-02-02,4,On-time delivery made our event stress-free. The driver was courteous and helpful with setup.,14
416,5,Green Garden Catering,Vegetarian,gold,2023-02-04,4,The food exceeded our expectations. Eco-friendly containers were a nice touch.,11
116,2,Spice Route Catering,Indian,gold,2023-02-05,5,Delivery was prompt and professional. Delivery was prompt and professional. Worth every penny for a team of 50.,18
1016,13,The Smokehouse BBQ,BBQ,silver,2023-02-05,4,Showed up early and had everything ready before our guests arrived. Portions were generous and well-presented.,16
497,6,Taqueria Del Sol,Mexican,gold,2023-02-06,4,Our team raved about the food all afternoon. The quality of the ingredients was outstanding.,15
752,9,Seoul Kitchen Catering,Korean,gold,2023-02-06,5,"The quality of the ingredients was outstanding. The presentation was beautiful — looked catered, not just delivered. Our go-to caterer for all company events.",24
561,7,The Grain Bowl,American,silver,2023-02-06,4,Portions were generous and well-presented. Our team raved about the food all afternoon.,13
975,12,Pacific Rim Catering,Asian Fusion,silver,2023-02-08,4,"The delivery team handled a difficult parking situation gracefully. Arrived right on time, which is rare.",16
663,8,Mediterranean Table,Mediterranean,platinum,2023-02-10,5,On-time delivery made our event stress-free. Eco-friendly containers were a nice touch. Worth every penny for a team of 50.,20
1065,14,Garden State Greens,Vegetarian,silver,2023-02-10,5,"Arrived right on time, which is rare. On-time delivery made our event stress-free. Affordable and filling — will order again.",20
90,1,Boston Box Lunch Co.,American,platinum,2023-02-10,5,Portions were generous and well-presented. Portions were generous and well-presented. Our go-to caterer for all company events.,17
563,7,The Grain Bowl,American,silver,2023-02-10,4,"Arrived right on time, which is rare. The flavors were bold and authentic.",13
18,1,Boston Box Lunch Co.,American,platinum,2023-02-10,5,"A perfect variety of options for all dietary needs. Everything was labeled clearly, including allergen info. Already booked our next order.",21
435,5,Green Garden Catering,Vegetarian,gold,2023-02-10,5,"The food exceeded our expectations. Everything was labeled clearly, including allergen info. Our go-to caterer for all company events.",19
559,7,The Grain Bowl,American,silver,2023-02-11,4,The flavors were bold and authentic. A perfect variety of options for all dietary needs.,15
517,7,The Grain Bowl,American,silver,2023-02-11,4,Delivery was prompt and professional. A perfect variety of options for all dietary needs.,14
218,3,Harbor Fresh Kitchen,American,silver,2023-02-11,4,"Arrived right on time, which is rare. The delivery team handled a difficult parking situation gracefully.",16
274,4,Bella Cucina Events,Italian,platinum,2023-02-12,5,Best catering we have had in the office. Our team raved about the food all afternoon. Our go-to caterer for all company events.,23
1040,13,The Smokehouse BBQ,BBQ,silver,2023-02-12,4,"The driver was courteous and helpful with setup. The presentation was beautiful — looked catered, not just delivered.",18
272,4,Bella Cucina Events,Italian,platinum,2023-02-12,5,The delivery team handled a difficult parking situation gracefully. Best catering we have had in the office. Our go-to caterer for all company events.,24
958,12,Pacific Rim Catering,Asian Fusion,silver,2023-02-13,4,The driver was courteous and helpful with setup. The food exceeded our expectations.,13
74,1,Boston Box Lunch Co.,American,platinum,2023-02-13,5,A perfect variety of options for all dietary needs. The delivery team handled a difficult parking situation gracefully. We have used them three times and they get better every time.,30
125,2,Spice Route Catering,Indian,gold,2023-02-14,5,On-time delivery made our event stress-free. Hot food arrived hot — impressive logistics. Worth every penny for a team of 50.,21
312,4,Bella Cucina Events,Italian,platinum,2023-02-15,5,A perfect variety of options for all dietary needs. The food was absolutely delicious. Our go-to caterer for all company events.,21
692,9,Seoul Kitchen Catering,Korean,gold,2023-02-16,5,Incredibly fresh — you could taste the quality. On-time delivery made our event stress-free. Competitive pricing without sacrificing quality.,19
136,2,Spice Route Catering,Indian,gold,2023-02-17,5,"Everything tasted fresh and flavorful. The presentation was beautiful — looked catered, not just delivered. Worth every penny for a team of 50.",23
783,10,New England Deli,American,needs_improvement,2023-02-18,4,Showed up early and had everything ready before our guests arrived. The food exceeded our expectations.,16
736,9,Seoul Kitchen Catering,Korean,gold,2023-02-18,4,"Arrived right on time, which is rare. The food was absolutely delicious.",12
302,4,Bella Cucina Events,Italian,platinum,2023-02-18,5,Incredibly fresh — you could taste the quality. Incredibly fresh — you could taste the quality. Great value for the price.,21
1111,14,Garden State Greens,Vegetarian,silver,2023-02-19,4,Delivery was prompt and professional. Incredibly fresh — you could taste the quality.,13
846,11,Saffron House,Middle Eastern,gold,2023-02-19,5,Hot food arrived hot — impressive logistics. Packaging was neat and easy to serve. Already booked our next order.,19
156,2,Spice Route Catering,Indian,gold,2023-02-19,4,"Arrived right on time, which is rare. Everything tasted fresh and flavorful.",12
1024,13,The Smokehouse BBQ,BBQ,silver,2023-02-19,4,Delivery was prompt and professional. The food exceeded our expectations.,10
2,1,Boston Box Lunch Co.,American,platinum,2023-02-19,5,A perfect variety of options for all dietary needs. Our team raved about the food all afternoon. Already booked our next order.,22
915,12,Pacific Rim Catering,Asian Fusion,silver,2023-02-20,4,"Everything tasted fresh and flavorful. The presentation was beautiful — looked catered, not just delivered.",15
7,1,Boston Box Lunch Co.,American,platinum,2023-02-20,5,The food was absolutely delicious. Packaging was neat and easy to serve. Worth every penny for a team of 50.,20
855,11,Saffron House,Middle Eastern,gold,2023-02-20,4,On-time delivery made our event stress-free. Packaging was neat and easy to serve.,13
443,6,Taqueria Del Sol,Mexican,gold,2023-02-21,4,Hot food arrived hot — impressive logistics. Portions were generous and well-presented.,12
977,12,Pacific Rim Catering,Asian Fusion,silver,2023-02-21,4,Hot food arrived hot — impressive logistics. Showed up early and had everything ready before our guests arrived.,18
259,4,Bella Cucina Events,Italian,platinum,2023-02-22,5,"On-time delivery made our event stress-free. Everything was labeled clearly, including allergen info. Already booked our next order.",18
446,6,Taqueria Del Sol,Mexican,gold,2023-02-23,5,The food was absolutely delicious. Everything tasted fresh and flavorful. Great value for the price.,15
552,7,The Grain Bowl,American,silver,2023-02-24,4,The delivery team handled a difficult parking situation gracefully. Portions were generous and well-presented.,14
1146,15,Federal Street Fare,American,needs_improvement,2023-02-24,4,The food exceeded our expectations. Hot food arrived hot — impressive logistics.,12
899,11,Saffron House,Middle Eastern,gold,2023-02-26,5,"Hot food arrived hot — impressive logistics. Everything was labeled clearly, including allergen info. Worth every penny for a team of 50.",22
898,11,Saffron House,Middle Eastern,gold,2023-02-26,4,Best catering we have had in the office. On-time delivery made our event stress-free.,14
1133,14,Garden State Greens,Vegetarian,silver,2023-02-26,4,The flavors were bold and authentic. The flavors were bold and authentic.,12
310,4,Bella Cucina Events,Italian,platinum,2023-02-27,5,The delivery team handled a difficult parking situation gracefully. Eco-friendly containers were a nice touch. Highly recommend to other offices in the area.,23
509,6,Taqueria Del Sol,Mexican,gold,2023-02-28,4,A perfect variety of options for all dietary needs. On-time delivery made our event stress-free.,15
786,10,New England Deli,American,needs_improvement,2023-02-28,4,The flavors were bold and authentic. Everything tasted fresh and flavorful.,11
398,5,Green Garden Catering,Vegetarian,gold,2023-02-28,4,"The flavors were bold and authentic. Arrived right on time, which is rare.",13
408,5,Green Garden Catering,Vegetarian,gold,2023-03-01,5,Showed up early and had everything ready before our guests arrived. Portions were generous and well-presented. Highly recommend to other offices in the area.,24
1132,14,Garden State Greens,Vegetarian,silver,2023-03-02,4,The quality of the ingredients was outstanding. Showed up early and had everything ready before our guests arrived.,18
677,8,Mediterranean Table,Mediterranean,platinum,2023-03-02,5,Best catering we have had in the office. Delivery was prompt and professional. Our go-to caterer for all company events.,20
1064,14,Garden State Greens,Vegetarian,silver,2023-03-02,5,The delivery team handled a difficult parking situation gracefully. Packaging was neat and easy to serve. Great value for the price.,21
489,6,Taqueria Del Sol,Mexican,gold,2023-03-02,4,The food was absolutely delicious. A perfect variety of options for all dietary needs.,14
1012,13,The Smokehouse BBQ,BBQ,silver,2023-03-03,4,Showed up early and had everything ready before our guests arrived. Delivery was prompt and professional.,16
449,6,Taqueria Del Sol,Mexican,gold,2023-03-03,4,"The driver was courteous and helpful with setup. Everything was labeled clearly, including allergen info.",15
580,7,The Grain Bowl,American,silver,2023-03-05,4,Hot food arrived hot — impressive logistics. The delivery team handled a difficult parking situation gracefully.,16
220,3,Harbor Fresh Kitchen,American,silver,2023-03-06,4,The driver was courteous and helpful with setup. A perfect variety of options for all dietary needs.,17
219,3,Harbor Fresh Kitchen,American,silver,2023-03-06,4,Portions were generous and well-presented. The food exceeded our expectations.,10
1155,15,Federal Street Fare,American,needs_improvement,2023-03-07,4,A perfect variety of options for all dietary needs. The food was absolutely delicious.,14
154,2,Spice Route Catering,Indian,gold,2023-03-08,4,"Showed up early and had everything ready before our guests arrived. Everything was labeled clearly, including allergen info.",18
775,10,New England Deli,American,needs_improvement,2023-03-09,4,Portions were generous and well-presented. The flavors were bold and authentic.,11
288,4,Bella Cucina Events,Italian,platinum,2023-03-09,5,The delivery team handled a difficult parking situation gracefully. A perfect variety of options for all dietary needs. Worth every penny for a team of 50.,26
96,2,Spice Route Catering,Indian,gold,2023-03-10,4,Hot food arrived hot — impressive logistics. Our team raved about the food all afternoon.,15
1154,15,Federal Street Fare,American,needs_improvement,2023-03-11,4,The driver was courteous and helpful with setup. The quality of the ingredients was outstanding.,15
20,1,Boston Box Lunch Co.,American,platinum,2023-03-12,4,Portions were generous and well-presented. On-time delivery made our event stress-free.,11
976,12,Pacific Rim Catering,Asian Fusion,silver,2023-03-12,4,Our team raved about the food all afternoon. Eco-friendly containers were a nice touch.,14
39,1,Boston Box Lunch Co.,American,platinum,2023-03-14,5,The flavors were bold and authentic. The driver was courteous and helpful with setup. Worth every penny for a team of 50.,22
1075,14,Garden State Greens,Vegetarian,silver,2023-03-15,4,The delivery team handled a difficult parking situation gracefully. Portions were generous and well-presented.,14
711,9,Seoul Kitchen Catering,Korean,gold,2023-03-15,4,A perfect variety of options for all dietary needs. Showed up early and had everything ready before our guests arrived.,20
94,2,Spice Route Catering,Indian,gold,2023-03-16,5,"Arrived right on time, which is rare. Eco-friendly containers were a nice touch. Competitive pricing without sacrificing quality.",18
1156,15,Federal Street Fare,American,needs_improvement,2023-03-17,4,"Arrived right on time, which is rare. Portions were generous and well-presented.",12
731,9,Seoul Kitchen Catering,Korean,gold,2023-03-17,4,Delivery was prompt and professional. Hot food arrived hot — impressive logistics.,12
1129,14,Garden State Greens,Vegetarian,silver,2023-03-18,4,"Everything tasted fresh and flavorful. Each item was packaged individually, which our team appreciated.",14
167,2,Spice Route Catering,Indian,gold,2023-03-18,5,A perfect variety of options for all dietary needs. On-time delivery made our event stress-free. We have used them three times and they get better every time.,27
620,8,Mediterranean Table,Mediterranean,platinum,2023-03-19,5,A perfect variety of options for all dietary needs. On-time delivery made our event stress-free. Highly recommend to other offices in the area.,23
135,2,Spice Route Catering,Indian,gold,2023-03-20,4,On-time delivery made our event stress-free. The flavors were bold and authentic.,12
155,2,Spice Route Catering,Indian,gold,2023-03-20,4,Showed up early and had everything ready before our guests arrived. A perfect variety of options for all dietary needs.,20
843,11,Saffron House,Middle Eastern,gold,2023-03-21,5,Delivery was prompt and professional. Incredibly fresh — you could taste the quality. Competitive pricing without sacrificing quality.,18
1119,14,Garden State Greens,Vegetarian,silver,2023-03-21,5,"A perfect variety of options for all dietary needs. The presentation was beautiful — looked catered, not just delivered. We will definitely be ordering again.",25
787,10,New England Deli,American,needs_improvement,2023-03-23,4,"The flavors were bold and authentic. Arrived right on time, which is rare.",13
285,4,Bella Cucina Events,Italian,platinum,2023-03-23,5,A perfect variety of options for all dietary needs. The driver was courteous and helpful with setup. Worth every penny for a team of 50.,25
318,4,Bella Cucina Events,Italian,platinum,2023-03-24,5,Delivery was prompt and professional. Incredibly fresh — you could taste the quality. Competitive pricing without sacrificing quality.,18
349,5,Green Garden Catering,Vegetarian,gold,2023-03-24,5,Hot food arrived hot — impressive logistics. Packaging was neat and easy to serve. Competitive pricing without sacrificing quality.,19
284,4,Bella Cucina Events,Italian,platinum,2023-03-26,4,Hot food arrived hot — impressive logistics. Hot food arrived hot — impressive logistics.,14
1193,15,Federal Street Fare,American,needs_improvement,2023-03-27,3,"Would order again, though we hope they fix the labeling issue. A perfect variety of options for all dietary needs. Awful packaging — leaking containers made a mess of our conference table.",32
111,2,Spice Route Catering,Indian,gold,2023-03-28,4,Hot food arrived hot — impressive logistics. Hot food arrived hot — impressive logistics.,14
59,1,Boston Box Lunch Co.,American,platinum,2023-03-28,5,The quality of the ingredients was outstanding. Portions were generous and well-presented. Great value for the price.,17
444,6,Taqueria Del Sol,Mexican,gold,2023-03-28,4,On-time delivery made our event stress-free. Packaging was neat and easy to serve.,13
234,3,Harbor Fresh Kitchen,American,silver,2023-03-28,4,Everything tasted fresh and flavorful. Showed up early and had everything ready before our guests arrived.,16
463,6,Taqueria Del Sol,Mexican,gold,2023-03-29,5,Hot food arrived hot — impressive logistics. The driver was courteous and helpful with setup. Affordable and filling — will order again.,22
715,9,Seoul Kitchen Catering,Korean,gold,2023-03-29,5,The delivery team handled a difficult parking situation gracefully. The delivery team handled a difficult parking situation gracefully. Our go-to caterer for all company events.,25
270,4,Bella Cucina Events,Italian,platinum,2023-03-30,5,"Our team raved about the food all afternoon. The presentation was beautiful — looked catered, not just delivered. Our go-to caterer for all company events.",25
4,1,Boston Box Lunch Co.,American,platinum,2023-03-30,5,Showed up early and had everything ready before our guests arrived. The quality of the ingredients was outstanding. Affordable and filling — will order again.,25
1097,14,Garden State Greens,Vegetarian,silver,2023-03-30,5,Hot food arrived hot — impressive logistics. Everything tasted fresh and flavorful. Affordable and filling — will order again.,19
569,7,The Grain Bowl,American,silver,2023-03-31,4,Hot food arrived hot — impressive logistics. The delivery team handled a difficult parking situation gracefully.,16
881,11,Saffron House,Middle Eastern,gold,2023-04-01,5,The quality of the ingredients was outstanding. Showed up early and had everything ready before our guests arrived. We will definitely be ordering again.,24
996,13,The Smokehouse BBQ,BBQ,silver,2023-04-01,4,Delivery was prompt and professional. The delivery team handled a difficult parking situation gracefully.,14
535,7,The Grain Bowl,American,silver,2023-04-01,4,The flavors were bold and authentic. Best catering we have had in the office.,14
708,9,Seoul Kitchen Catering,Korean,gold,2023-04-02,4,Incredibly fresh — you could taste the quality. On-time delivery made our event stress-free.,14
265,4,Bella Cucina Events,Italian,platinum,2023-04-02,5,On-time delivery made our event stress-free. Hot food arrived hot — impressive logistics. Worth every penny for a team of 50.,21
953,12,Pacific Rim Catering,Asian Fusion,silver,2023-04-03,5,"Arrived right on time, which is rare. Eco-friendly containers were a nice touch. Highly recommend to other offices in the area.",21
810,10,New England Deli,American,needs_improvement,2023-04-03,4,The flavors were bold and authentic. Portions were generous and well-presented.,11
5,1,Boston Box Lunch Co.,American,platinum,2023-04-03,5,"Arrived right on time, which is rare. Everything was labeled clearly, including allergen info. Competitive pricing without sacrificing quality.",19
145,2,Spice Route Catering,Indian,gold,2023-04-03,5,A perfect variety of options for all dietary needs. A perfect variety of options for all dietary needs. Already booked our next order.,23
835,11,Saffron House,Middle Eastern,gold,2023-04-03,5,The driver was courteous and helpful with setup. Eco-friendly containers were a nice touch. Our go-to caterer for all company events.,21
921,12,Pacific Rim Catering,Asian Fusion,silver,2023-04-04,4,The food exceeded our expectations. Incredibly fresh — you could taste the quality.,13
1152,15,Federal Street Fare,American,needs_improvement,2023-04-04,4,"Portions were generous and well-presented. The presentation was beautiful — looked catered, not just delivered.",15
649,8,Mediterranean Table,Mediterranean,platinum,2023-04-04,5,On-time delivery made our event stress-free. The driver was courteous and helpful with setup. Great value for the price.,19
678,8,Mediterranean Table,Mediterranean,platinum,2023-04-05,5,Portions were generous and well-presented. Portions were generous and well-presented. Worth every penny for a team of 50.,18
978,12,Pacific Rim Catering,Asian Fusion,silver,2023-04-05,4,The delivery team handled a difficult parking situation gracefully. Best catering we have had in the office.,17
541,7,The Grain Bowl,American,silver,2023-04-07,4,The food was absolutely delicious. A perfect variety of options for all dietary needs.,14
585,7,The Grain Bowl,American,silver,2023-04-08,4,The driver was courteous and helpful with setup. Eco-friendly containers were a nice touch.,14
345,4,Bella Cucina Events,Italian,platinum,2023-04-08,5,On-time delivery made our event stress-free. Best catering we have had in the office. Highly recommend to other offices in the area.,22
1168,15,Federal Street Fare,American,needs_improvement,2023-04-10,4,The food exceeded our expectations. A perfect variety of options for all dietary needs.,14
603,8,Mediterranean Table,Mediterranean,platinum,2023-04-12,5,The driver was courteous and helpful with setup. Hot food arrived hot — impressive logistics. Our go-to caterer for all company events.,22
256,4,Bella Cucina Events,Italian,platinum,2023-04-14,5,On-time delivery made our event stress-free. Packaging was neat and easy to serve. Worth every penny for a team of 50.,21
43,1,Boston Box Lunch Co.,American,platinum,2023-04-15,5,On-time delivery made our event stress-free. A perfect variety of options for all dietary needs. Highly recommend to other offices in the area.,23
438,6,Taqueria Del Sol,Mexican,gold,2023-04-15,4,Incredibly fresh — you could taste the quality. The food exceeded our expectations.,13
53,1,Boston Box Lunch Co.,American,platinum,2023-04-15,5,Incredibly fresh — you could taste the quality. The food exceeded our expectations. Already booked our next order.,18
10,1,Boston Box Lunch Co.,American,platinum,2023-04-16,5,Best catering we have had in the office. Our team raved about the food all afternoon. We have used them three times and they get better every time.,28
1004,13,The Smokehouse BBQ,BBQ,silver,2023-04-17,4,"Incredibly fresh — you could taste the quality. Everything was labeled clearly, including allergen info.",15
1115,14,Garden State Greens,Vegetarian,silver,2023-04-17,5,The quality of the ingredients was outstanding. Portions were generous and well-presented. We have used them three times and they get better every time.,24
233,3,Harbor Fresh Kitchen,American,silver,2023-04-18,4,"Portions were generous and well-presented. The presentation was beautiful — looked catered, not just delivered.",15
961,12,Pacific Rim Catering,Asian Fusion,silver,2023-04-19,5,"Incredibly fresh — you could taste the quality. Everything was labeled clearly, including allergen info. Affordable and filling — will order again.",22
474,6,Taqueria Del Sol,Mexican,gold,2023-04-19,5,On-time delivery made our event stress-free. The delivery team handled a difficult parking situation gracefully. Competitive pricing without sacrificing quality.,20
224,3,Harbor Fresh Kitchen,American,silver,2023-04-20,4,On-time delivery made our event stress-free. The delivery team handled a difficult parking situation gracefully.,15
1088,14,Garden State Greens,Vegetarian,silver,2023-04-20,4,Best catering we have had in the office. On-time delivery made our event stress-free.,14
367,5,Green Garden Catering,Vegetarian,gold,2023-04-20,4,Delivery was prompt and professional. The driver was courteous and helpful with setup.,13
211,3,Harbor Fresh Kitchen,American,silver,2023-04-22,5,Everything tasted fresh and flavorful. A perfect variety of options for all dietary needs. Competitive pricing without sacrificing quality.,19
182,3,Harbor Fresh Kitchen,American,silver,2023-04-22,4,The quality of the ingredients was outstanding. Portions were generous and well-presented.,12
99,2,Spice Route Catering,Indian,gold,2023-04-23,4,Portions were generous and well-presented. Everything tasted fresh and flavorful.,10
746,9,Seoul Kitchen Catering,Korean,gold,2023-04-24,5,Portions were generous and well-presented. Best catering we have had in the office. Worth every penny for a team of 50.,21
329,4,Bella Cucina Events,Italian,platinum,2023-04-25,5,The flavors were bold and authentic. Best catering we have had in the office. Already booked our next order.,19
1078,14,Garden State Greens,Vegetarian,silver,2023-04-25,4,Delivery was prompt and professional. The flavors were bold and authentic.,11
207,3,Harbor Fresh Kitchen,American,silver,2023-04-26,4,"The quality of the ingredients was outstanding. Arrived right on time, which is rare.",14
947,12,Pacific Rim Catering,Asian Fusion,silver,2023-04-26,4,The flavors were bold and authentic. The driver was courteous and helpful with setup.,14
294,4,Bella Cucina Events,Italian,platinum,2023-04-28,4,Best catering we have had in the office. The delivery team handled a difficult parking situation gracefully.,17
1182,15,Federal Street Fare,American,needs_improvement,2023-04-29,4,Incredibly fresh — you could taste the quality. Packaging was neat and easy to serve.,15
1184,15,Federal Street Fare,American,needs_improvement,2023-05-01,4,Showed up early and had everything ready before our guests arrived. Best catering we have had in the office.,19
423,5,Green Garden Catering,Vegetarian,gold,2023-05-01,5,"Delivery was prompt and professional. Arrived right on time, which is rare. We will definitely be ordering again.",18
9,1,Boston Box Lunch Co.,American,platinum,2023-05-01,5,"The delivery team handled a difficult parking situation gracefully. Each item was packaged individually, which our team appreciated. Worth every penny for a team of 50.",26
141,2,Spice Route Catering,Indian,gold,2023-05-02,5,Portions were generous and well-presented. The quality of the ingredients was outstanding. Highly recommend to other offices in the area.,20
1014,13,The Smokehouse BBQ,BBQ,silver,2023-05-02,4,Showed up early and had everything ready before our guests arrived. The flavors were bold and authentic.,17
1186,15,Federal Street Fare,American,needs_improvement,2023-05-02,4,Everything tasted fresh and flavorful. A perfect variety of options for all dietary needs.,14
1149,15,Federal Street Fare,American,needs_improvement,2023-05-02,4,The flavors were bold and authentic. The delivery team handled a difficult parking situation gracefully.,15
246,3,Harbor Fresh Kitchen,American,silver,2023-05-03,4,"Our team raved about the food all afternoon. The presentation was beautiful — looked catered, not just delivered.",18
840,11,Saffron House,Middle Eastern,gold,2023-05-04,5,Delivery was prompt and professional. Hot food arrived hot — impressive logistics. Our go-to caterer for all company events.,19
965,12,Pacific Rim Catering,Asian Fusion,silver,2023-05-04,4,The flavors were bold and authentic. The food exceeded our expectations.,11
1039,13,The Smokehouse BBQ,BBQ,silver,2023-05-05,4,Showed up early and had everything ready before our guests arrived. The food was absolutely delicious.,16
544,7,The Grain Bowl,American,silver,2023-05-05,4,Delivery was prompt and professional. Packaging was neat and easy to serve.,12
441,6,Taqueria Del Sol,Mexican,gold,2023-05-05,4,Incredibly fresh — you could taste the quality. The food was absolutely delicious.,13
811,10,New England Deli,American,needs_improvement,2023-05-06,4,A perfect variety of options for all dietary needs. Hot food arrived hot — impressive logistics.,16
542,7,The Grain Bowl,American,silver,2023-05-07,4,"Showed up early and had everything ready before our guests arrived. Everything was labeled clearly, including allergen info.",18
636,8,Mediterranean Table,Mediterranean,platinum,2023-05-07,5,Hot food arrived hot — impressive logistics. Delivery was prompt and professional. We have used them three times and they get better every time.,24
33,1,Boston Box Lunch Co.,American,platinum,2023-05-09,5,"Incredibly fresh — you could taste the quality. Each item was packaged individually, which our team appreciated. We have used them three times and they get better every time.",29
417,5,Green Garden Catering,Vegetarian,gold,2023-05-10,5,"Arrived right on time, which is rare. Each item was packaged individually, which our team appreciated. Already booked our next order.",21
359,5,Green Garden Catering,Vegetarian,gold,2023-05-10,5,Showed up early and had everything ready before our guests arrived. Eco-friendly containers were a nice touch. Affordable and filling — will order again.,24
355,5,Green Garden Catering,Vegetarian,gold,2023-05-10,5,"Best catering we have had in the office. Everything was labeled clearly, including allergen info. Already booked our next order.",20
424,5,Green Garden Catering,Vegetarian,gold,2023-05-11,5,The food was absolutely delicious. The driver was courteous and helpful with setup. We have used them three times and they get better every time.,25
179,3,Harbor Fresh Kitchen,American,silver,2023-05-11,4,The food exceeded our expectations. On-time delivery made our event stress-free.,11
674,8,Mediterranean Table,Mediterranean,platinum,2023-05-11,5,Hot food arrived hot — impressive logistics. The food exceeded our expectations. Great value for the price.,17
163,2,Spice Route Catering,Indian,gold,2023-05-11,5,Incredibly fresh — you could taste the quality. Showed up early and had everything ready before our guests arrived. Already booked our next order.,24
109,2,Spice Route Catering,Indian,gold,2023-05-13,4,Everything tasted fresh and flavorful. Eco-friendly containers were a nice touch.,11
287,4,Bella Cucina Events,Italian,platinum,2023-05-15,5,The driver was courteous and helpful with setup. Best catering we have had in the office. Affordable and filling — will order again.,23
336,4,Bella Cucina Events,Italian,platinum,2023-05-16,5,Our team raved about the food all afternoon. The flavors were bold and authentic. Already booked our next order.,19
146,2,Spice Route Catering,Indian,gold,2023-05-16,4,"Arrived right on time, which is rare. Delivery was prompt and professional.",12
1053,13,The Smokehouse BBQ,BBQ,silver,2023-05-16,4,"Our team raved about the food all afternoon. Each item was packaged individually, which our team appreciated.",17
833,11,Saffron House,Middle Eastern,gold,2023-05-17,4,Delivery was prompt and professional. Hot food arrived hot — impressive logistics.,12
128,2,Spice Route Catering,Indian,gold,2023-05-17,5,"Arrived right on time, which is rare. The driver was courteous and helpful with setup. Highly recommend to other offices in the area.",23
788,10,New England Deli,American,needs_improvement,2023-05-20,4,Our team raved about the food all afternoon. A perfect variety of options for all dietary needs.,17
827,11,Saffron House,Middle Eastern,gold,2023-05-20,5,The driver was courteous and helpful with setup. The quality of the ingredients was outstanding. Already booked our next order.,20
79,1,Boston Box Lunch Co.,American,platinum,2023-05-21,5,"Arrived right on time, which is rare. The driver was courteous and helpful with setup. Highly recommend to other offices in the area.",23
522,7,The Grain Bowl,American,silver,2023-05-21,4,The flavors were bold and authentic. The flavors were bold and authentic.,12
1173,15,Federal Street Fare,American,needs_improvement,2023-05-22,4,Hot food arrived hot — impressive logistics. A perfect variety of options for all dietary needs.,16
707,9,Seoul Kitchen Catering,Korean,gold,2023-05-22,4,On-time delivery made our event stress-free. The driver was courteous and helpful with setup.,14
697,9,Seoul Kitchen Catering,Korean,gold,2023-05-22,5,The food was absolutely delicious. The driver was courteous and helpful with setup. Worth every penny for a team of 50.,21
1095,14,Garden State Greens,Vegetarian,silver,2023-05-22,4,Everything tasted fresh and flavorful. The food exceeded our expectations.,10
1063,14,Garden State Greens,Vegetarian,silver,2023-05-23,4,The driver was courteous and helpful with setup. Hot food arrived hot — impressive logistics.,15
169,2,Spice Route Catering,Indian,gold,2023-05-23,4,Our team raved about the food all afternoon. The quality of the ingredients was outstanding.,15
399,5,Green Garden Catering,Vegetarian,gold,2023-05-24,5,"On-time delivery made our event stress-free. Everything was labeled clearly, including allergen info. Great value for the price.",18
150,2,Spice Route Catering,Indian,gold,2023-05-25,4,The driver was courteous and helpful with setup. The driver was courteous and helpful with setup.,16
330,4,Bella Cucina Events,Italian,platinum,2023-05-26,5,The food was absolutely delicious. Everything tasted fresh and flavorful. Worth every penny for a team of 50.,18
502,6,Taqueria Del Sol,Mexican,gold,2023-05-27,4,Delivery was prompt and professional. Everything tasted fresh and flavorful.,10
514,6,Taqueria Del Sol,Mexican,gold,2023-05-28,5,Incredibly fresh — you could taste the quality. Hot food arrived hot — impressive logistics. Already booked our next order.,20
491,6,Taqueria Del Sol,Mexican,gold,2023-05-29,5,Hot food arrived hot — impressive logistics. The food was absolutely delicious. Affordable and filling — will order again.,19
451,6,Taqueria Del Sol,Mexican,gold,2023-05-29,4,Best catering we have had in the office. Eco-friendly containers were a nice touch.,14
266,4,Bella Cucina Events,Italian,platinum,2023-05-30,5,The driver was courteous and helpful with setup. Best catering we have had in the office. We have used them three times and they get better every time.,28
365,5,Green Garden Catering,Vegetarian,gold,2023-06-01,5,On-time delivery made our event stress-free. The flavors were bold and authentic. Our go-to caterer for all company events.,19
972,12,Pacific Rim Catering,Asian Fusion,silver,2023-06-01,5,The quality of the ingredients was outstanding. Delivery was prompt and professional. Worth every penny for a team of 50.,20
842,11,Saffron House,Middle Eastern,gold,2023-06-01,5,A perfect variety of options for all dietary needs. Delivery was prompt and professional. Highly recommend to other offices in the area.,22
1127,14,Garden State Greens,Vegetarian,silver,2023-06-01,4,"The delivery team handled a difficult parking situation gracefully. Everything was labeled clearly, including allergen info.",16
473,6,Taqueria Del Sol,Mexican,gold,2023-06-02,5,The food was absolutely delicious. On-time delivery made our event stress-free. Already booked our next order.,16
932,12,Pacific Rim Catering,Asian Fusion,silver,2023-06-02,4,"The food exceeded our expectations. Arrived right on time, which is rare.",12
70,1,Boston Box Lunch Co.,American,platinum,2023-06-03,5,The quality of the ingredients was outstanding. On-time delivery made our event stress-free. Competitive pricing without sacrificing quality.,18
874,11,Saffron House,Middle Eastern,gold,2023-06-03,5,The quality of the ingredients was outstanding. Delivery was prompt and professional. Highly recommend to other offices in the area.,20
456,6,Taqueria Del Sol,Mexican,gold,2023-06-04,5,The delivery team handled a difficult parking situation gracefully. Showed up early and had everything ready before our guests arrived. Affordable and filling — will order again.,27
60,1,Boston Box Lunch Co.,American,platinum,2023-06-04,5,Hot food arrived hot — impressive logistics. Eco-friendly containers were a nice touch. Worth every penny for a team of 50.,21
439,6,Taqueria Del Sol,Mexican,gold,2023-06-05,4,The food exceeded our expectations. The food was absolutely delicious.,10
1035,13,The Smokehouse BBQ,BBQ,silver,2023-06-05,4,Hot food arrived hot — impressive logistics. Packaging was neat and easy to serve.,14
927,12,Pacific Rim Catering,Asian Fusion,silver,2023-06-07,4,"The driver was courteous and helpful with setup. Arrived right on time, which is rare.",15
1114,14,Garden State Greens,Vegetarian,silver,2023-06-07,4,"Arrived right on time, which is rare. On-time delivery made our event stress-free.",13
82,1,Boston Box Lunch Co.,American,platinum,2023-06-08,5,Delivery was prompt and professional. A perfect variety of options for all dietary needs. Worth every penny for a team of 50.,22
475,6,Taqueria Del Sol,Mexican,gold,2023-06-09,5,The delivery team handled a difficult parking situation gracefully. The food was absolutely delicious. Already booked our next order.,19
361,5,Green Garden Catering,Vegetarian,gold,2023-06-09,4,"Best catering we have had in the office. The presentation was beautiful — looked catered, not just delivered.",18
262,4,Bella Cucina Events,Italian,platinum,2023-06-10,5,"Arrived right on time, which is rare. The quality of the ingredients was outstanding. Our go-to caterer for all company events.",21
826,10,New England Deli,American,needs_improvement,2023-06-10,4,Hot food arrived hot — impressive logistics. A perfect variety of options for all dietary needs.,16
1166,15,Federal Street Fare,American,needs_improvement,2023-06-11,4,On-time delivery made our event stress-free. A perfect variety of options for all dietary needs.,15
460,6,Taqueria Del Sol,Mexican,gold,2023-06-11,4,Portions were generous and well-presented. Portions were generous and well-presented.,10
114,2,Spice Route Catering,Indian,gold,2023-06-11,5,Showed up early and had everything ready before our guests arrived. The food was absolutely delicious. We will definitely be ordering again.,22
307,4,Bella Cucina Events,Italian,platinum,2023-06-12,5,The food was absolutely delicious. Incredibly fresh — you could taste the quality. Worth every penny for a team of 50.,21
487,6,Taqueria Del Sol,Mexican,gold,2023-06-13,4,Delivery was prompt and professional. Incredibly fresh — you could taste the quality.,13
1116,14,Garden State Greens,Vegetarian,silver,2023-06-16,4,"Arrived right on time, which is rare. Hot food arrived hot — impressive logistics.",14
84,1,Boston Box Lunch Co.,American,platinum,2023-06-16,5,The quality of the ingredients was outstanding. Showed up early and had everything ready before our guests arrived. We have used them three times and they get better every time.,30
452,6,Taqueria Del Sol,Mexican,gold,2023-06-17,4,Showed up early and had everything ready before our guests arrived. The driver was courteous and helpful with setup.,19
952,12,Pacific Rim Catering,Asian Fusion,silver,2023-06-17,4,"Delivery was prompt and professional. Each item was packaged individually, which our team appreciated.",14
713,9,Seoul Kitchen Catering,Korean,gold,2023-06-18,4,The driver was courteous and helpful with setup. The food was absolutely delicious.,13
917,12,Pacific Rim Catering,Asian Fusion,silver,2023-06-18,4,"Delivery was prompt and professional. Each item was packaged individually, which our team appreciated.",14
17,1,Boston Box Lunch Co.,American,platinum,2023-06-18,5,Delivery was prompt and professional. On-time delivery made our event stress-free. Our go-to caterer for all company events.,18
389,5,Green Garden Catering,Vegetarian,gold,2023-06-18,5,Everything tasted fresh and flavorful. Eco-friendly containers were a nice touch. Affordable and filling — will order again.,18
547,7,The Grain Bowl,American,silver,2023-06-18,4,The food exceeded our expectations. Showed up early and had everything ready before our guests arrived.,16
26,1,Boston Box Lunch Co.,American,platinum,2023-06-20,4,Showed up early and had everything ready before our guests arrived. Packaging was neat and easy to serve.,18
536,7,The Grain Bowl,American,silver,2023-06-21,4,Portions were generous and well-presented. A perfect variety of options for all dietary needs.,14
323,4,Bella Cucina Events,Italian,platinum,2023-06-23,5,Delivery was prompt and professional. The food exceeded our expectations. Worth every penny for a team of 50.,18
343,4,Bella Cucina Events,Italian,platinum,2023-06-24,5,"Arrived right on time, which is rare. Hot food arrived hot — impressive logistics. Affordable and filling — will order again.",21
1192,15,Federal Street Fare,American,needs_improvement,2023-06-24,4,Delivery was prompt and professional. Our team raved about the food all afternoon.,13
267,4,Bella Cucina Events,Italian,platinum,2023-06-25,5,Everything tasted fresh and flavorful. The driver was courteous and helpful with setup. Highly recommend to other offices in the area.,21
354,5,Green Garden Catering,Vegetarian,gold,2023-06-25,5,On-time delivery made our event stress-free. Incredibly fresh — you could taste the quality. Highly recommend to other offices in the area.,22
488,6,Taqueria Del Sol,Mexican,gold,2023-06-26,4,Portions were generous and well-presented. Delivery was prompt and professional.,10
170,2,Spice Route Catering,Indian,gold,2023-06-28,4,The delivery team handled a difficult parking situation gracefully. The quality of the ingredients was outstanding.,16
1086,14,Garden State Greens,Vegetarian,silver,2023-06-29,4,Showed up early and had everything ready before our guests arrived. The food was absolutely delicious.,16
1159,15,Federal Street Fare,American,needs_improvement,2023-07-02,4,Portions were generous and well-presented. The flavors were bold and authentic.,11
945,12,Pacific Rim Catering,Asian Fusion,silver,2023-07-03,4,Portions were generous and well-presented. The quality of the ingredients was outstanding.,12
1167,15,Federal Street Fare,American,needs_improvement,2023-07-04,3,Food was decent but nothing exceptional. Portions were generous and well-presented. Awful packaging — leaking containers made a mess of our conference table.,23
914,11,Saffron House,Middle Eastern,gold,2023-07-04,5,Hot food arrived hot — impressive logistics. Eco-friendly containers were a nice touch. Competitive pricing without sacrificing quality.,18
503,6,Taqueria Del Sol,Mexican,gold,2023-07-04,4,The delivery team handled a difficult parking situation gracefully. Portions were generous and well-presented.,14
14,1,Boston Box Lunch Co.,American,platinum,2023-07-04,4,"Everything tasted fresh and flavorful. Everything was labeled clearly, including allergen info.",12
413,5,Green Garden Catering,Vegetarian,gold,2023-07-04,5,On-time delivery made our event stress-free. Eco-friendly containers were a nice touch. Great value for the price.,17
1198,15,Federal Street Fare,American,needs_improvement,2023-07-04,4,A perfect variety of options for all dietary needs. The food was absolutely delicious.,14
430,5,Green Garden Catering,Vegetarian,gold,2023-07-05,4,The food exceeded our expectations. Our team raved about the food all afternoon.,13
100,2,Spice Route Catering,Indian,gold,2023-07-05,5,Portions were generous and well-presented. Eco-friendly containers were a nice touch. We will definitely be ordering again.,17
594,8,Mediterranean Table,Mediterranean,platinum,2023-07-08,5,Hot food arrived hot — impressive logistics. Portions were generous and well-presented. Our go-to caterer for all company events.,19
254,4,Bella Cucina Events,Italian,platinum,2023-07-09,5,"Arrived right on time, which is rare. The food exceeded our expectations. Great value for the price.",17
527,7,The Grain Bowl,American,silver,2023-07-10,4,"Arrived right on time, which is rare. Best catering we have had in the office.",15
313,4,Bella Cucina Events,Italian,platinum,2023-07-10,5,The quality of the ingredients was outstanding. Everything tasted fresh and flavorful. Competitive pricing without sacrificing quality.,17
402,5,Green Garden Catering,Vegetarian,gold,2023-07-10,5,The driver was courteous and helpful with setup. Portions were generous and well-presented. Affordable and filling — will order again.,20
240,3,Harbor Fresh Kitchen,American,silver,2023-07-10,4,Our team raved about the food all afternoon. Portions were generous and well-presented.,13
652,8,Mediterranean Table,Mediterranean,platinum,2023-07-12,5,Everything tasted fresh and flavorful. Packaging was neat and easy to serve. Already booked our next order.,17
363,5,Green Garden Catering,Vegetarian,gold,2023-07-13,5,On-time delivery made our event stress-free. Our team raved about the food all afternoon. Worth every penny for a team of 50.,22
574,7,The Grain Bowl,American,silver,2023-07-13,4,The delivery team handled a difficult parking situation gracefully. The driver was courteous and helpful with setup.,17
901,11,Saffron House,Middle Eastern,gold,2023-07-14,5,The quality of the ingredients was outstanding. Packaging was neat and easy to serve. We will definitely be ordering again.,20
208,3,Harbor Fresh Kitchen,American,silver,2023-07-15,4,A perfect variety of options for all dietary needs. The delivery team handled a difficult parking situation gracefully.,18
709,9,Seoul Kitchen Catering,Korean,gold,2023-07-15,4,Best catering we have had in the office. The food was absolutely delicious.,13
734,9,Seoul Kitchen Catering,Korean,gold,2023-07-16,5,Hot food arrived hot — impressive logistics. The quality of the ingredients was outstanding. Worth every penny for a team of 50.,22
471,6,Taqueria Del Sol,Mexican,gold,2023-07-16,4,The quality of the ingredients was outstanding. The flavors were bold and authentic.,13
216,3,Harbor Fresh Kitchen,American,silver,2023-07-17,5,The driver was courteous and helpful with setup. On-time delivery made our event stress-free. Great value for the price.,19
1093,14,Garden State Greens,Vegetarian,silver,2023-07-17,5,Hot food arrived hot — impressive logistics. Hot food arrived hot — impressive logistics. Our go-to caterer for all company events.,21
1079,14,Garden State Greens,Vegetarian,silver,2023-07-18,5,A perfect variety of options for all dietary needs. The food was absolutely delicious. Highly recommend to other offices in the area.,22
942,12,Pacific Rim Catering,Asian Fusion,silver,2023-07-19,5,Portions were generous and well-presented. Everything tasted fresh and flavorful. Worth every penny for a team of 50.,18
153,2,Spice Route Catering,Indian,gold,2023-07-20,5,Portions were generous and well-presented. A perfect variety of options for all dietary needs. Already booked our next order.,19
215,3,Harbor Fresh Kitchen,American,silver,2023-07-20,4,The delivery team handled a difficult parking situation gracefully. The delivery team handled a difficult parking situation gracefully.,18
268,4,Bella Cucina Events,Italian,platinum,2023-07-22,5,Delivery was prompt and professional. Everything tasted fresh and flavorful. Highly recommend to other offices in the area.,18
1080,14,Garden State Greens,Vegetarian,silver,2023-07-22,4,Portions were generous and well-presented. The food exceeded our expectations.,10
292,4,Bella Cucina Events,Italian,platinum,2023-07-23,5,The food exceeded our expectations. Best catering we have had in the office. We will definitely be ordering again.,19
50,1,Boston Box Lunch Co.,American,platinum,2023-07-24,5,The driver was courteous and helpful with setup. The food was absolutely delicious. Great value for the price.,18
764,10,New England Deli,American,needs_improvement,2023-07-24,4,"On-time delivery made our event stress-free. Everything was labeled clearly, including allergen info.",13
1110,14,Garden State Greens,Vegetarian,silver,2023-07-24,4,The food was absolutely delicious. The delivery team handled a difficult parking situation gracefully.,14
1102,14,Garden State Greens,Vegetarian,silver,2023-07-24,4,"Showed up early and had everything ready before our guests arrived. Everything was labeled clearly, including allergen info.",18
937,12,Pacific Rim Catering,Asian Fusion,silver,2023-07-25,4,The driver was courteous and helpful with setup. The flavors were bold and authentic.,14
199,3,Harbor Fresh Kitchen,American,silver,2023-07-25,4,Hot food arrived hot — impressive logistics. The food exceeded our expectations.,12
119,2,Spice Route Catering,Indian,gold,2023-07-25,5,A perfect variety of options for all dietary needs. The food was absolutely delicious. Competitive pricing without sacrificing quality.,19
837,11,Saffron House,Middle Eastern,gold,2023-07-26,5,The food was absolutely delicious. Portions were generous and well-presented. We have used them three times and they get better every time.,22
726,9,Seoul Kitchen Catering,Korean,gold,2023-07-27,4,Our team raved about the food all afternoon. A perfect variety of options for all dietary needs.,17
523,7,The Grain Bowl,American,silver,2023-07-27,4,Everything tasted fresh and flavorful. Hot food arrived hot — impressive logistics.,12
584,7,The Grain Bowl,American,silver,2023-07-27,4,Hot food arrived hot — impressive logistics. Hot food arrived hot — impressive logistics.,14
973,12,Pacific Rim Catering,Asian Fusion,silver,2023-07-28,4,"Our team raved about the food all afternoon. Each item was packaged individually, which our team appreciated.",17
1033,13,The Smokehouse BBQ,BBQ,silver,2023-07-28,4,The delivery team handled a difficult parking situation gracefully. Showed up early and had everything ready before our guests arrived.,20
253,4,Bella Cucina Events,Italian,platinum,2023-07-28,5,Best catering we have had in the office. Showed up early and had everything ready before our guests arrived. Already booked our next order.,24
381,5,Green Garden Catering,Vegetarian,gold,2023-07-29,5,The delivery team handled a difficult parking situation gracefully. The food was absolutely delicious. Already booked our next order.,19
54,1,Boston Box Lunch Co.,American,platinum,2023-07-29,5,"The delivery team handled a difficult parking situation gracefully. The presentation was beautiful — looked catered, not just delivered. Great value for the price.",24
812,10,New England Deli,American,needs_improvement,2023-07-29,4,"Portions were generous and well-presented. The presentation was beautiful — looked catered, not just delivered.",15
477,6,Taqueria Del Sol,Mexican,gold,2023-07-29,4,"The delivery team handled a difficult parking situation gracefully. Everything was labeled clearly, including allergen info.",16
645,8,Mediterranean Table,Mediterranean,platinum,2023-07-29,5,"Incredibly fresh — you could taste the quality. Each item was packaged individually, which our team appreciated. Worth every penny for a team of 50.",25
1100,14,Garden State Greens,Vegetarian,silver,2023-07-30,4,Our team raved about the food all afternoon. The food exceeded our expectations.,13
334,4,Bella Cucina Events,Italian,platinum,2023-07-30,5,Everything tasted fresh and flavorful. Everything tasted fresh and flavorful. Great value for the price.,15
686,9,Seoul Kitchen Catering,Korean,gold,2023-07-31,5,Portions were generous and well-presented. The food was absolutely delicious. Already booked our next order.,15
611,8,Mediterranean Table,Mediterranean,platinum,2023-08-01,5,The food exceeded our expectations. Best catering we have had in the office. Great value for the price.,18
907,11,Saffron House,Middle Eastern,gold,2023-08-01,5,"Showed up early and had everything ready before our guests arrived. Each item was packaged individually, which our team appreciated. Highly recommend to other offices in the area.",28
1068,14,Garden State Greens,Vegetarian,silver,2023-08-02,5,"Hot food arrived hot — impressive logistics. Everything was labeled clearly, including allergen info. We have used them three times and they get better every time.",26
36,1,Boston Box Lunch Co.,American,platinum,2023-08-02,5,Delivery was prompt and professional. Our team raved about the food all afternoon. Already booked our next order.,18
144,2,Spice Route Catering,Indian,gold,2023-08-03,4,"Everything tasted fresh and flavorful. Everything was labeled clearly, including allergen info.",12
830,11,Saffron House,Middle Eastern,gold,2023-08-03,5,"Arrived right on time, which is rare. The delivery team handled a difficult parking situation gracefully. Worth every penny for a team of 50.",24
669,8,Mediterranean Table,Mediterranean,platinum,2023-08-04,5,On-time delivery made our event stress-free. The quality of the ingredients was outstanding. Our go-to caterer for all company events.,20
383,5,Green Garden Catering,Vegetarian,gold,2023-08-04,5,The food exceeded our expectations. Hot food arrived hot — impressive logistics. Competitive pricing without sacrificing quality.,17
419,5,Green Garden Catering,Vegetarian,gold,2023-08-04,5,"Showed up early and had everything ready before our guests arrived. Arrived right on time, which is rare. Our go-to caterer for all company events.",25
756,9,Seoul Kitchen Catering,Korean,gold,2023-08-05,5,Best catering we have had in the office. The delivery team handled a difficult parking situation gracefully. Already booked our next order.,22
64,1,Boston Box Lunch Co.,American,platinum,2023-08-05,5,Portions were generous and well-presented. The food exceeded our expectations. We will definitely be ordering again.,16
790,10,New England Deli,American,needs_improvement,2023-08-06,4,The driver was courteous and helpful with setup. The food was absolutely delicious.,13
81,1,Boston Box Lunch Co.,American,platinum,2023-08-06,4,Hot food arrived hot — impressive logistics. Our team raved about the food all afternoon.,15
648,8,Mediterranean Table,Mediterranean,platinum,2023-08-06,5,"Everything tasted fresh and flavorful. Each item was packaged individually, which our team appreciated. We have used them three times and they get better every time.",26
327,4,Bella Cucina Events,Italian,platinum,2023-08-06,5,"The delivery team handled a difficult parking situation gracefully. Everything was labeled clearly, including allergen info. Competitive pricing without sacrificing quality.",21
478,6,Taqueria Del Sol,Mexican,gold,2023-08-07,4,Hot food arrived hot — impressive logistics. A perfect variety of options for all dietary needs.,16
994,13,The Smokehouse BBQ,BBQ,silver,2023-08-07,4,Best catering we have had in the office. The driver was courteous and helpful with setup.,16
969,12,Pacific Rim Catering,Asian Fusion,silver,2023-08-09,5,"Portions were generous and well-presented. Arrived right on time, which is rare. Competitive pricing without sacrificing quality.",17
643,8,Mediterranean Table,Mediterranean,platinum,2023-08-10,4,Showed up early and had everything ready before our guests arrived. Eco-friendly containers were a nice touch.,17
379,5,Green Garden Catering,Vegetarian,gold,2023-08-12,4,Our team raved about the food all afternoon. Hot food arrived hot — impressive logistics.,15
1062,14,Garden State Greens,Vegetarian,silver,2023-08-12,4,Incredibly fresh — you could taste the quality. Eco-friendly containers were a nice touch.,14
168,2,Spice Route Catering,Indian,gold,2023-08-14,5,The driver was courteous and helpful with setup. The delivery team handled a difficult parking situation gracefully. Our go-to caterer for all company events.,24
896,11,Saffron House,Middle Eastern,gold,2023-08-15,5,The flavors were bold and authentic. The food was absolutely delicious. Competitive pricing without sacrificing quality.,16
1189,15,Federal Street Fare,American,needs_improvement,2023-08-16,4,On-time delivery made our event stress-free. The food exceeded our expectations.,11
189,3,Harbor Fresh Kitchen,American,silver,2023-08-17,5,The food was absolutely delicious. Packaging was neat and easy to serve. We will definitely be ordering again.,18
6,1,Boston Box Lunch Co.,American,platinum,2023-08-17,5,"The flavors were bold and authentic. Everything was labeled clearly, including allergen info. Our go-to caterer for all company events.",20
1170,15,Federal Street Fare,American,needs_improvement,2023-08-17,4,Everything tasted fresh and flavorful. The flavors were bold and authentic.,11
1177,15,Federal Street Fare,American,needs_improvement,2023-08-18,4,Our team raved about the food all afternoon. The driver was courteous and helpful with setup.,16
1059,13,The Smokehouse BBQ,BBQ,silver,2023-08-18,4,"Arrived right on time, which is rare. Delivery was prompt and professional.",12
1109,14,Garden State Greens,Vegetarian,silver,2023-08-18,4,Our team raved about the food all afternoon. Our team raved about the food all afternoon.,16
1163,15,Federal Street Fare,American,needs_improvement,2023-08-20,4,Our team raved about the food all afternoon. Delivery was prompt and professional.,13
195,3,Harbor Fresh Kitchen,American,silver,2023-08-22,4,The driver was courteous and helpful with setup. Incredibly fresh — you could taste the quality.,16
89,1,Boston Box Lunch Co.,American,platinum,2023-08-23,5,Everything tasted fresh and flavorful. A perfect variety of options for all dietary needs. We will definitely be ordering again.,20
1108,14,Garden State Greens,Vegetarian,silver,2023-08-23,4,"The food exceeded our expectations. Everything was labeled clearly, including allergen info.",12
754,9,Seoul Kitchen Catering,Korean,gold,2023-08-23,4,"Best catering we have had in the office. Arrived right on time, which is rare.",15
372,5,Green Garden Catering,Vegetarian,gold,2023-08-23,5,The quality of the ingredients was outstanding. Eco-friendly containers were a nice touch. Competitive pricing without sacrificing quality.,18
298,4,Bella Cucina Events,Italian,platinum,2023-08-24,5,The flavors were bold and authentic. Everything tasted fresh and flavorful. We will definitely be ordering again.,17
243,3,Harbor Fresh Kitchen,American,silver,2023-08-25,5,Incredibly fresh — you could taste the quality. Everything tasted fresh and flavorful. Competitive pricing without sacrificing quality.,18
134,2,Spice Route Catering,Indian,gold,2023-08-25,4,Showed up early and had everything ready before our guests arrived. The driver was courteous and helpful with setup.,19
29,1,Boston Box Lunch Co.,American,platinum,2023-08-25,5,Everything tasted fresh and flavorful. Best catering we have had in the office. Worth every penny for a team of 50.,21
147,2,Spice Route Catering,Indian,gold,2023-08-25,4,Showed up early and had everything ready before our guests arrived. The driver was courteous and helpful with setup.,19
200,3,Harbor Fresh Kitchen,American,silver,2023-08-25,4,Delivery was prompt and professional. A perfect variety of options for all dietary needs.,14
1185,15,Federal Street Fare,American,needs_improvement,2023-08-25,4,Showed up early and had everything ready before our guests arrived. Everything tasted fresh and flavorful.,16
929,12,Pacific Rim Catering,Asian Fusion,silver,2023-08-25,4,"Arrived right on time, which is rare. Arrived right on time, which is rare.",14
30,1,Boston Box Lunch Co.,American,platinum,2023-08-26,5,The food was absolutely delicious. On-time delivery made our event stress-free. Worth every penny for a team of 50.,19
185,3,Harbor Fresh Kitchen,American,silver,2023-08-27,4,Portions were generous and well-presented. Portions were generous and well-presented.,10
468,6,Taqueria Del Sol,Mexican,gold,2023-08-27,4,The delivery team handled a difficult parking situation gracefully. Hot food arrived hot — impressive logistics.,16
966,12,Pacific Rim Catering,Asian Fusion,silver,2023-08-28,4,The flavors were bold and authentic. Hot food arrived hot — impressive logistics.,13
407,5,Green Garden Catering,Vegetarian,gold,2023-08-28,5,Incredibly fresh — you could taste the quality. On-time delivery made our event stress-free. We have used them three times and they get better every time.,26
464,6,Taqueria Del Sol,Mexican,gold,2023-08-28,5,The delivery team handled a difficult parking situation gracefully. Everything tasted fresh and flavorful. Our go-to caterer for all company events.,21
237,3,Harbor Fresh Kitchen,American,silver,2023-08-29,4,Portions were generous and well-presented. The flavors were bold and authentic.,11
1051,13,The Smokehouse BBQ,BBQ,silver,2023-08-30,4,Showed up early and had everything ready before our guests arrived. The food exceeded our expectations.,16
985,12,Pacific Rim Catering,Asian Fusion,silver,2023-08-31,4,"The delivery team handled a difficult parking situation gracefully. Each item was packaged individually, which our team appreciated.",18
766,10,New England Deli,American,needs_improvement,2023-09-01,4,Everything tasted fresh and flavorful. The flavors were bold and authentic.,11
512,6,Taqueria Del Sol,Mexican,gold,2023-09-01,4,The food exceeded our expectations. The flavors were bold and authentic.,11
955,12,Pacific Rim Catering,Asian Fusion,silver,2023-09-02,4,The quality of the ingredients was outstanding. On-time delivery made our event stress-free.,13
1125,14,Garden State Greens,Vegetarian,silver,2023-09-02,5,Everything tasted fresh and flavorful. Delivery was prompt and professional. We will definitely be ordering again.,16
496,6,Taqueria Del Sol,Mexican,gold,2023-09-02,5,The food was absolutely delicious. The delivery team handled a difficult parking situation gracefully. Affordable and filling — will order again.,21
866,11,Saffron House,Middle Eastern,gold,2023-09-02,4,"The quality of the ingredients was outstanding. Each item was packaged individually, which our team appreciated.",16
1054,13,The Smokehouse BBQ,BBQ,silver,2023-09-02,4,Portions were generous and well-presented. Everything tasted fresh and flavorful.,10
853,11,Saffron House,Middle Eastern,gold,2023-09-02,5,"On-time delivery made our event stress-free. The presentation was beautiful — looked catered, not just delivered. Our go-to caterer for all company events.",23
49,1,Boston Box Lunch Co.,American,platinum,2023-09-03,4,On-time delivery made our event stress-free. Incredibly fresh — you could taste the quality.,14
703,9,Seoul Kitchen Catering,Korean,gold,2023-09-03,4,The food was absolutely delicious. Our team raved about the food all afternoon.,13
960,12,Pacific Rim Catering,Asian Fusion,silver,2023-09-03,4,Everything tasted fresh and flavorful. The food was absolutely delicious.,10
984,12,Pacific Rim Catering,Asian Fusion,silver,2023-09-03,5,The flavors were bold and authentic. The delivery team handled a difficult parking situation gracefully. We have used them three times and they get better every time.,27
642,8,Mediterranean Table,Mediterranean,platinum,2023-09-03,4,Best catering we have had in the office. Delivery was prompt and professional.,13
854,11,Saffron House,Middle Eastern,gold,2023-09-04,5,Everything tasted fresh and flavorful. The quality of the ingredients was outstanding. Great value for the price.,17
823,10,New England Deli,American,needs_improvement,2023-09-05,4,Best catering we have had in the office. The food exceeded our expectations.,13
531,7,The Grain Bowl,American,silver,2023-09-08,4,Hot food arrived hot — impressive logistics. The driver was courteous and helpful with setup.,15
637,8,Mediterranean Table,Mediterranean,platinum,2023-09-08,4,Delivery was prompt and professional. The delivery team handled a difficult parking situation gracefully.,14
668,8,Mediterranean Table,Mediterranean,platinum,2023-09-08,4,"The food was absolutely delicious. Arrived right on time, which is rare.",12
105,2,Spice Route Catering,Indian,gold,2023-09-09,5,"Arrived right on time, which is rare. Each item was packaged individually, which our team appreciated. Our go-to caterer for all company events.",23
957,12,Pacific Rim Catering,Asian Fusion,silver,2023-09-09,4,The flavors were bold and authentic. Packaging was neat and easy to serve.,13
768,10,New England Deli,American,needs_improvement,2023-09-09,4,Hot food arrived hot — impressive logistics. Packaging was neat and easy to serve.,14
505,6,Taqueria Del Sol,Mexican,gold,2023-09-10,4,The food was absolutely delicious. A perfect variety of options for all dietary needs.,14
409,5,Green Garden Catering,Vegetarian,gold,2023-09-10,4,Delivery was prompt and professional. Packaging was neat and easy to serve.,12
944,12,Pacific Rim Catering,Asian Fusion,silver,2023-09-11,4,On-time delivery made our event stress-free. Delivery was prompt and professional.,11
25,1,Boston Box Lunch Co.,American,platinum,2023-09-11,5,Showed up early and had everything ready before our guests arrived. On-time delivery made our event stress-free. Competitive pricing without sacrificing quality.,22
177,3,Harbor Fresh Kitchen,American,silver,2023-09-12,4,Showed up early and had everything ready before our guests arrived. Eco-friendly containers were a nice touch.,17
1151,15,Federal Street Fare,American,needs_improvement,2023-09-12,4,The driver was courteous and helpful with setup. The food was absolutely delicious.,13
627,8,Mediterranean Table,Mediterranean,platinum,2023-09-13,5,The food was absolutely delicious. Best catering we have had in the office. Worth every penny for a team of 50.,21
401,5,Green Garden Catering,Vegetarian,gold,2023-09-14,5,The flavors were bold and authentic. Portions were generous and well-presented. Affordable and filling — will order again.,18
242,3,Harbor Fresh Kitchen,American,silver,2023-09-15,4,A perfect variety of options for all dietary needs. Hot food arrived hot — impressive logistics.,16
420,5,Green Garden Catering,Vegetarian,gold,2023-09-15,4,Portions were generous and well-presented. The flavors were bold and authentic.,11
877,11,Saffron House,Middle Eastern,gold,2023-09-16,5,A perfect variety of options for all dietary needs. The food exceeded our expectations. Great value for the price.,19
776,10,New England Deli,American,needs_improvement,2023-09-16,4,"Arrived right on time, which is rare. The food exceeded our expectations.",12
1135,14,Garden State Greens,Vegetarian,silver,2023-09-16,5,Hot food arrived hot — impressive logistics. Delivery was prompt and professional. Great value for the price.,17
133,2,Spice Route Catering,Indian,gold,2023-09-16,5,Portions were generous and well-presented. Incredibly fresh — you could taste the quality. Affordable and filling — will order again.,20
290,4,Bella Cucina Events,Italian,platinum,2023-09-18,5,"Delivery was prompt and professional. Everything was labeled clearly, including allergen info. We will definitely be ordering again.",18
744,9,Seoul Kitchen Catering,Korean,gold,2023-09-18,4,Delivery was prompt and professional. The delivery team handled a difficult parking situation gracefully.,14
252,3,Harbor Fresh Kitchen,American,silver,2023-09-19,4,The flavors were bold and authentic. Eco-friendly containers were a nice touch.,12
110,2,Spice Route Catering,Indian,gold,2023-09-19,4,Delivery was prompt and professional. Everything tasted fresh and flavorful.,10
494,6,Taqueria Del Sol,Mexican,gold,2023-09-21,4,"Arrived right on time, which is rare. Delivery was prompt and professional.",12
781,10,New England Deli,American,needs_improvement,2023-09-21,4,The quality of the ingredients was outstanding. Eco-friendly containers were a nice touch.,13
906,11,Saffron House,Middle Eastern,gold,2023-09-21,5,Delivery was prompt and professional. Portions were generous and well-presented. Great value for the price.,15
485,6,Taqueria Del Sol,Mexican,gold,2023-09-21,5,The delivery team handled a difficult parking situation gracefully. Incredibly fresh — you could taste the quality. Competitive pricing without sacrificing quality.,22
469,6,Taqueria Del Sol,Mexican,gold,2023-09-23,4,Showed up early and had everything ready before our guests arrived. Hot food arrived hot — impressive logistics.,18
239,3,Harbor Fresh Kitchen,American,silver,2023-09-24,4,Incredibly fresh — you could taste the quality. Incredibly fresh — you could taste the quality.,16
249,3,Harbor Fresh Kitchen,American,silver,2023-09-24,4,Everything tasted fresh and flavorful. Eco-friendly containers were a nice touch.,11
1031,13,The Smokehouse BBQ,BBQ,silver,2023-09-24,4,"Showed up early and had everything ready before our guests arrived. Arrived right on time, which is rare.",18
95,2,Spice Route Catering,Indian,gold,2023-09-24,4,The flavors were bold and authentic. Incredibly fresh — you could taste the quality.,14
165,2,Spice Route Catering,Indian,gold,2023-09-24,5,On-time delivery made our event stress-free. Incredibly fresh — you could taste the quality. We will definitely be ordering again.,20
319,4,Bella Cucina Events,Italian,platinum,2023-09-25,5,The food was absolutely delicious. Our team raved about the food all afternoon. Already booked our next order.,18
762,9,Seoul Kitchen Catering,Korean,gold,2023-09-26,4,"The delivery team handled a difficult parking situation gracefully. Everything was labeled clearly, including allergen info.",16
31,1,Boston Box Lunch Co.,American,platinum,2023-09-27,5,"Arrived right on time, which is rare. Portions were generous and well-presented. Our go-to caterer for all company events.",19
120,2,Spice Route Catering,Indian,gold,2023-09-28,4,The quality of the ingredients was outstanding. The driver was courteous and helpful with setup.,15
963,12,Pacific Rim Catering,Asian Fusion,silver,2023-09-28,4,The food exceeded our expectations. The driver was courteous and helpful with setup.,13
880,11,Saffron House,Middle Eastern,gold,2023-09-29,5,"Arrived right on time, which is rare. Hot food arrived hot — impressive logistics. Highly recommend to other offices in the area.",22
158,2,Spice Route Catering,Indian,gold,2023-09-30,5,"The delivery team handled a difficult parking situation gracefully. Arrived right on time, which is rare. Affordable and filling — will order again.",23
847,11,Saffron House,Middle Eastern,gold,2023-10-01,4,Best catering we have had in the office. Everything tasted fresh and flavorful.,13
98,2,Spice Route Catering,Indian,gold,2023-10-02,5,The food was absolutely delicious. Hot food arrived hot — impressive logistics. Affordable and filling — will order again.,19
782,10,New England Deli,American,needs_improvement,2023-10-02,4,The food was absolutely delicious. The food exceeded our expectations.,10
139,2,Spice Route Catering,Indian,gold,2023-10-03,5,"Our team raved about the food all afternoon. Each item was packaged individually, which our team appreciated. Highly recommend to other offices in the area.",25
845,11,Saffron House,Middle Eastern,gold,2023-10-03,5,The food was absolutely delicious. The food exceeded our expectations. We have used them three times and they get better every time.,22
850,11,Saffron House,Middle Eastern,gold,2023-10-03,4,"Showed up early and had everything ready before our guests arrived. Arrived right on time, which is rare.",18
956,12,Pacific Rim Catering,Asian Fusion,silver,2023-10-04,4,Best catering we have had in the office. The delivery team handled a difficult parking situation gracefully.,17
641,8,Mediterranean Table,Mediterranean,platinum,2023-10-04,5,A perfect variety of options for all dietary needs. The delivery team handled a difficult parking situation gracefully. Highly recommend to other offices in the area.,26
422,5,Green Garden Catering,Vegetarian,gold,2023-10-06,5,Delivery was prompt and professional. Eco-friendly containers were a nice touch. Highly recommend to other offices in the area.,19
761,9,Seoul Kitchen Catering,Korean,gold,2023-10-07,5,The driver was courteous and helpful with setup. The quality of the ingredients was outstanding. We have used them three times and they get better every time.,27
844,11,Saffron House,Middle Eastern,gold,2023-10-07,4,The food was absolutely delicious. A perfect variety of options for all dietary needs.,14
385,5,Green Garden Catering,Vegetarian,gold,2023-10-08,4,Showed up early and had everything ready before our guests arrived. Everything tasted fresh and flavorful.,16
366,5,Green Garden Catering,Vegetarian,gold,2023-10-08,4,Everything tasted fresh and flavorful. Eco-friendly containers were a nice touch.,11
1037,13,The Smokehouse BBQ,BBQ,silver,2023-10-09,4,The driver was courteous and helpful with setup. The driver was courteous and helpful with setup.,16
872,11,Saffron House,Middle Eastern,gold,2023-10-09,5,The driver was courteous and helpful with setup. The delivery team handled a difficult parking situation gracefully. Competitive pricing without sacrificing quality.,22
222,3,Harbor Fresh Kitchen,American,silver,2023-10-10,4,"Arrived right on time, which is rare. The presentation was beautiful — looked catered, not just delivered.",17
623,8,Mediterranean Table,Mediterranean,platinum,2023-10-10,5,The food was absolutely delicious. A perfect variety of options for all dietary needs. Competitive pricing without sacrificing quality.,19
442,6,Taqueria Del Sol,Mexican,gold,2023-10-10,4,Incredibly fresh — you could taste the quality. Best catering we have had in the office.,16
27,1,Boston Box Lunch Co.,American,platinum,2023-10-12,5,The food exceeded our expectations. Packaging was neat and easy to serve. We will definitely be ordering again.,18
93,2,Spice Route Catering,Indian,gold,2023-10-13,4,The quality of the ingredients was outstanding. Showed up early and had everything ready before our guests arrived.,18
639,8,Mediterranean Table,Mediterranean,platinum,2023-10-13,5,Best catering we have had in the office. Portions were generous and well-presented. Affordable and filling — will order again.,20
238,3,Harbor Fresh Kitchen,American,silver,2023-10-14,4,The driver was courteous and helpful with setup. A perfect variety of options for all dietary needs.,17
51,1,Boston Box Lunch Co.,American,platinum,2023-10-14,5,The driver was courteous and helpful with setup. The food exceeded our expectations. Already booked our next order.,18
1196,15,Federal Street Fare,American,needs_improvement,2023-10-15,3,Good variety but portions were smaller than we needed. The quality of the ingredients was outstanding. Completely unacceptable delivery delay ruined our client lunch.,24
671,8,Mediterranean Table,Mediterranean,platinum,2023-10-15,5,Best catering we have had in the office. Showed up early and had everything ready before our guests arrived. Highly recommend to other offices in the area.,27
476,6,Taqueria Del Sol,Mexican,gold,2023-10-15,4,Everything tasted fresh and flavorful. Everything tasted fresh and flavorful.,10
688,9,Seoul Kitchen Catering,Korean,gold,2023-10-15,4,Delivery was prompt and professional. Our team raved about the food all afternoon.,13
525,7,The Grain Bowl,American,silver,2023-10-16,5,"Arrived right on time, which is rare. The food was absolutely delicious. Our go-to caterer for all company events.",19
241,3,Harbor Fresh Kitchen,American,silver,2023-10-16,5,Best catering we have had in the office. The quality of the ingredients was outstanding. Our go-to caterer for all company events.,22
164,2,Spice Route Catering,Indian,gold,2023-10-16,4,The driver was courteous and helpful with setup. Eco-friendly containers were a nice touch.,14
638,8,Mediterranean Table,Mediterranean,platinum,2023-10-18,5,Delivery was prompt and professional. Showed up early and had everything ready before our guests arrived. Great value for the price.,21
959,12,Pacific Rim Catering,Asian Fusion,silver,2023-10-18,5,The delivery team handled a difficult parking situation gracefully. The food exceeded our expectations. Worth every penny for a team of 50.,22
577,7,The Grain Bowl,American,silver,2023-10-19,4,Portions were generous and well-presented. Everything tasted fresh and flavorful.,10
22,1,Boston Box Lunch Co.,American,platinum,2023-10-19,5,On-time delivery made our event stress-free. Delivery was prompt and professional. Great value for the price.,16
1176,15,Federal Street Fare,American,needs_improvement,2023-10-20,4,Hot food arrived hot — impressive logistics. The food was absolutely delicious.,12
516,7,The Grain Bowl,American,silver,2023-10-21,4,Best catering we have had in the office. Showed up early and had everything ready before our guests arrived.,19
510,6,Taqueria Del Sol,Mexican,gold,2023-10-21,4,Portions were generous and well-presented. The food exceeded our expectations.,10
1148,15,Federal Street Fare,American,needs_improvement,2023-10-22,4,Portions were generous and well-presented. Showed up early and had everything ready before our guests arrived.,16
344,4,Bella Cucina Events,Italian,platinum,2023-10-23,5,The food was absolutely delicious. Delivery was prompt and professional. Highly recommend to other offices in the area.,18
8,1,Boston Box Lunch Co.,American,platinum,2023-10-24,4,Delivery was prompt and professional. Packaging was neat and easy to serve.,12
691,9,Seoul Kitchen Catering,Korean,gold,2023-10-24,4,A perfect variety of options for all dietary needs. The quality of the ingredients was outstanding.,16
140,2,Spice Route Catering,Indian,gold,2023-10-25,5,Showed up early and had everything ready before our guests arrived. The delivery team handled a difficult parking situation gracefully. Highly recommend to other offices in the area.,28
660,8,Mediterranean Table,Mediterranean,platinum,2023-10-26,5,"Portions were generous and well-presented. The presentation was beautiful — looked catered, not just delivered. Affordable and filling — will order again.",22
912,11,Saffron House,Middle Eastern,gold,2023-10-26,5,"Our team raved about the food all afternoon. Everything was labeled clearly, including allergen info. Highly recommend to other offices in the area.",23
1020,13,The Smokehouse BBQ,BBQ,silver,2023-10-26,4,The food exceeded our expectations. Packaging was neat and easy to serve.,12
1066,14,Garden State Greens,Vegetarian,silver,2023-10-29,4,The driver was courteous and helpful with setup. Hot food arrived hot — impressive logistics.,15
201,3,Harbor Fresh Kitchen,American,silver,2023-10-30,4,The flavors were bold and authentic. On-time delivery made our event stress-free.,12
1010,13,The Smokehouse BBQ,BBQ,silver,2023-10-30,4,"The driver was courteous and helpful with setup. Each item was packaged individually, which our team appreciated.",17
322,4,Bella Cucina Events,Italian,platinum,2023-10-30,5,Everything tasted fresh and flavorful. Hot food arrived hot — impressive logistics. Great value for the price.,17
698,9,Seoul Kitchen Catering,Korean,gold,2023-10-31,5,Delivery was prompt and professional. Eco-friendly containers were a nice touch. We have used them three times and they get better every time.,23
825,10,New England Deli,American,needs_improvement,2023-11-02,4,"Delivery was prompt and professional. Everything was labeled clearly, including allergen info.",12
122,2,Spice Route Catering,Indian,gold,2023-11-03,5,On-time delivery made our event stress-free. Incredibly fresh — you could taste the quality. Competitive pricing without sacrificing quality.,19
188,3,Harbor Fresh Kitchen,American,silver,2023-11-04,4,The food exceeded our expectations. A perfect variety of options for all dietary needs.,14
15,1,Boston Box Lunch Co.,American,platinum,2023-11-04,5,The driver was courteous and helpful with setup. The delivery team handled a difficult parking situation gracefully. We will definitely be ordering again.,23
306,4,Bella Cucina Events,Italian,platinum,2023-11-05,5,Our team raved about the food all afternoon. Delivery was prompt and professional. Highly recommend to other offices in the area.,21
1126,14,Garden State Greens,Vegetarian,silver,2023-11-06,4,Hot food arrived hot — impressive logistics. The flavors were bold and authentic.,13
871,11,Saffron House,Middle Eastern,gold,2023-11-06,4,On-time delivery made our event stress-free. The quality of the ingredients was outstanding.,13
572,7,The Grain Bowl,American,silver,2023-11-07,4,Showed up early and had everything ready before our guests arrived. The flavors were bold and authentic.,17
954,12,Pacific Rim Catering,Asian Fusion,silver,2023-11-07,5,Portions were generous and well-presented. Our team raved about the food all afternoon. Competitive pricing without sacrificing quality.,18
353,5,Green Garden Catering,Vegetarian,gold,2023-11-07,5,Showed up early and had everything ready before our guests arrived. Packaging was neat and easy to serve. We have used them three times and they get better every time.,30
905,11,Saffron House,Middle Eastern,gold,2023-11-08,5,The food exceeded our expectations. Showed up early and had everything ready before our guests arrived. We have used them three times and they get better every time.,28
778,10,New England Deli,American,needs_improvement,2023-11-08,4,Showed up early and had everything ready before our guests arrived. Delivery was prompt and professional.,16
879,11,Saffron House,Middle Eastern,gold,2023-11-10,5,The driver was courteous and helpful with setup. A perfect variety of options for all dietary needs. Affordable and filling — will order again.,24
614,8,Mediterranean Table,Mediterranean,platinum,2023-11-11,5,Portions were generous and well-presented. The driver was courteous and helpful with setup. Competitive pricing without sacrificing quality.,18
193,3,Harbor Fresh Kitchen,American,silver,2023-11-11,4,The food was absolutely delicious. The food exceeded our expectations.,10
107,2,Spice Route Catering,Indian,gold,2023-11-12,5,"Our team raved about the food all afternoon. Arrived right on time, which is rare. Affordable and filling — will order again.",22
654,8,Mediterranean Table,Mediterranean,platinum,2023-11-15,5,Our team raved about the food all afternoon. The flavors were bold and authentic. Worth every penny for a team of 50.,22
448,6,Taqueria Del Sol,Mexican,gold,2023-11-16,4,"Incredibly fresh — you could taste the quality. The presentation was beautiful — looked catered, not just delivered.",18
758,9,Seoul Kitchen Catering,Korean,gold,2023-11-18,4,"Best catering we have had in the office. Everything was labeled clearly, including allergen info.",15
1143,15,Federal Street Fare,American,needs_improvement,2023-11-18,4,"On-time delivery made our event stress-free. Arrived right on time, which is rare.",13
269,4,Bella Cucina Events,Italian,platinum,2023-11-19,5,The flavors were bold and authentic. Eco-friendly containers were a nice touch. Our go-to caterer for all company events.,19
628,8,Mediterranean Table,Mediterranean,platinum,2023-11-19,4,Incredibly fresh — you could taste the quality. The flavors were bold and authentic.,14
80,1,Boston Box Lunch Co.,American,platinum,2023-11-20,5,Our team raved about the food all afternoon. Showed up early and had everything ready before our guests arrived. Competitive pricing without sacrificing quality.,24
857,11,Saffron House,Middle Eastern,gold,2023-11-20,5,The delivery team handled a difficult parking situation gracefully. The food was absolutely delicious. Highly recommend to other offices in the area.,22
151,2,Spice Route Catering,Indian,gold,2023-11-20,4,Best catering we have had in the office. The food was absolutely delicious.,13
607,8,Mediterranean Table,Mediterranean,platinum,2023-11-22,4,"Arrived right on time, which is rare. The flavors were bold and authentic.",13
86,1,Boston Box Lunch Co.,American,platinum,2023-11-23,5,Best catering we have had in the office. The food was absolutely delicious. Already booked our next order.,18
1002,13,The Smokehouse BBQ,BBQ,silver,2023-11-23,4,The quality of the ingredients was outstanding. The driver was courteous and helpful with setup.,15
171,2,Spice Route Catering,Indian,gold,2023-11-23,4,Best catering we have had in the office. A perfect variety of options for all dietary needs.,17
829,11,Saffron House,Middle Eastern,gold,2023-11-24,5,"Delivery was prompt and professional. Everything was labeled clearly, including allergen info. Great value for the price.",17
551,7,The Grain Bowl,American,silver,2023-11-25,4,Hot food arrived hot — impressive logistics. Packaging was neat and easy to serve.,14
339,4,Bella Cucina Events,Italian,platinum,2023-11-25,5,Hot food arrived hot — impressive logistics. The flavors were bold and authentic. Great value for the price.,18
459,6,Taqueria Del Sol,Mexican,gold,2023-11-26,4,The driver was courteous and helpful with setup. Showed up early and had everything ready before our guests arrived.,19
695,9,Seoul Kitchen Catering,Korean,gold,2023-11-26,5,Best catering we have had in the office. The quality of the ingredients was outstanding. We will definitely be ordering again.,21
501,6,Taqueria Del Sol,Mexican,gold,2023-11-27,5,Incredibly fresh — you could taste the quality. Our team raved about the food all afternoon. Already booked our next order.,21
1162,15,Federal Street Fare,American,needs_improvement,2023-11-27,3,Delivery was on time but setup took longer than expected. The food was absolutely delicious. I was frustrated and disappointed by how poorly the delivery was managed.,27
1023,13,The Smokehouse BBQ,BBQ,silver,2023-11-28,4,The flavors were bold and authentic. On-time delivery made our event stress-free.,12
817,10,New England Deli,American,needs_improvement,2023-11-28,4,"Everything tasted fresh and flavorful. Each item was packaged individually, which our team appreciated.",14
911,11,Saffron House,Middle Eastern,gold,2023-11-28,5,Portions were generous and well-presented. Incredibly fresh — you could taste the quality. Highly recommend to other offices in the area.,21
1,1,Boston Box Lunch Co.,American,platinum,2023-11-28,4,The food exceeded our expectations. Eco-friendly containers were a nice touch.,11
289,4,Bella Cucina Events,Italian,platinum,2023-11-28,5,Hot food arrived hot — impressive logistics. The delivery team handled a difficult parking situation gracefully. Worth every penny for a team of 50.,24
1136,14,Garden State Greens,Vegetarian,silver,2023-11-29,4,"Arrived right on time, which is rare. Best catering we have had in the office.",15
856,11,Saffron House,Middle Eastern,gold,2023-11-29,4,"The delivery team handled a difficult parking situation gracefully. Each item was packaged individually, which our team appreciated.",18
690,9,Seoul Kitchen Catering,Korean,gold,2023-11-29,5,"Showed up early and had everything ready before our guests arrived. Everything was labeled clearly, including allergen info. Already booked our next order.",23
152,2,Spice Route Catering,Indian,gold,2023-11-29,5,Hot food arrived hot — impressive logistics. The driver was courteous and helpful with setup. Competitive pricing without sacrificing quality.,20
124,2,Spice Route Catering,Indian,gold,2023-11-30,5,Delivery was prompt and professional. The flavors were bold and authentic. Worth every penny for a team of 50.,19
1138,14,Garden State Greens,Vegetarian,silver,2023-11-30,4,Hot food arrived hot — impressive logistics. Incredibly fresh — you could taste the quality.,15
597,8,Mediterranean Table,Mediterranean,platinum,2023-11-30,4,The food exceeded our expectations. The food was absolutely delicious.,10
824,10,New England Deli,American,needs_improvement,2023-11-30,4,On-time delivery made our event stress-free. A perfect variety of options for all dietary needs.,15
324,4,Bella Cucina Events,Italian,platinum,2023-12-01,5,"The food exceeded our expectations. Arrived right on time, which is rare. Affordable and filling — will order again.",19
228,3,Harbor Fresh Kitchen,American,silver,2023-12-02,4,Showed up early and had everything ready before our guests arrived. Delivery was prompt and professional.,16
743,9,Seoul Kitchen Catering,Korean,gold,2023-12-02,5,"The food was absolutely delicious. Each item was packaged individually, which our team appreciated. Affordable and filling — will order again.",21
887,11,Saffron House,Middle Eastern,gold,2023-12-04,4,Everything tasted fresh and flavorful. The delivery team handled a difficult parking situation gracefully.,14
596,8,Mediterranean Table,Mediterranean,platinum,2023-12-05,5,"Hot food arrived hot — impressive logistics. The presentation was beautiful — looked catered, not just delivered. Affordable and filling — will order again.",24
803,10,New England Deli,American,needs_improvement,2023-12-05,4,The flavors were bold and authentic. A perfect variety of options for all dietary needs.,15
693,9,Seoul Kitchen Catering,Korean,gold,2023-12-06,4,"Arrived right on time, which is rare. Eco-friendly containers were a nice touch.",13
137,2,Spice Route Catering,Indian,gold,2023-12-06,5,On-time delivery made our event stress-free. The flavors were bold and authentic. Worth every penny for a team of 50.,20
974,12,Pacific Rim Catering,Asian Fusion,silver,2023-12-06,4,The food was absolutely delicious. On-time delivery made our event stress-free.,11
88,1,Boston Box Lunch Co.,American,platinum,2023-12-06,5,The delivery team handled a difficult parking situation gracefully. The quality of the ingredients was outstanding. Competitive pricing without sacrificing quality.,21
58,1,Boston Box Lunch Co.,American,platinum,2023-12-07,5,The food exceeded our expectations. The delivery team handled a difficult parking situation gracefully. Our go-to caterer for all company events.,21
943,12,Pacific Rim Catering,Asian Fusion,silver,2023-12-08,4,Showed up early and had everything ready before our guests arrived. On-time delivery made our event stress-free.,17
454,6,Taqueria Del Sol,Mexican,gold,2023-12-08,4,The driver was courteous and helpful with setup. Everything tasted fresh and flavorful.,13
1128,14,Garden State Greens,Vegetarian,silver,2023-12-09,4,The food was absolutely delicious. The quality of the ingredients was outstanding.,12
836,11,Saffron House,Middle Eastern,gold,2023-12-10,4,The flavors were bold and authentic. Incredibly fresh — you could taste the quality.,14
550,7,The Grain Bowl,American,silver,2023-12-10,4,"Hot food arrived hot — impressive logistics. Everything was labeled clearly, including allergen info.",14
221,3,Harbor Fresh Kitchen,American,silver,2023-12-10,4,"Portions were generous and well-presented. Arrived right on time, which is rare.",12
337,4,Bella Cucina Events,Italian,platinum,2023-12-11,4,The driver was courteous and helpful with setup. The food was absolutely delicious.,13
481,6,Taqueria Del Sol,Mexican,gold,2023-12-13,5,The quality of the ingredients was outstanding. The driver was courteous and helpful with setup. Competitive pricing without sacrificing quality.,20
1049,13,The Smokehouse BBQ,BBQ,silver,2023-12-13,4,The food exceeded our expectations. The quality of the ingredients was outstanding.,12
712,9,Seoul Kitchen Catering,Korean,gold,2023-12-13,5,Incredibly fresh — you could taste the quality. The food was absolutely delicious. Worth every penny for a team of 50.,21
1188,15,Federal Street Fare,American,needs_improvement,2023-12-13,4,Everything tasted fresh and flavorful. Hot food arrived hot — impressive logistics.,12
1140,14,Garden State Greens,Vegetarian,silver,2023-12-15,5,A perfect variety of options for all dietary needs. Delivery was prompt and professional. Already booked our next order.,19
672,8,Mediterranean Table,Mediterranean,platinum,2023-12-15,4,The delivery team handled a difficult parking situation gracefully. Everything tasted fresh and flavorful.,14
19,1,Boston Box Lunch Co.,American,platinum,2023-12-15,5,The delivery team handled a difficult parking situation gracefully. On-time delivery made our event stress-free. Highly recommend to other offices in the area.,23
740,9,Seoul Kitchen Catering,Korean,gold,2023-12-16,5,Portions were generous and well-presented. Our team raved about the food all afternoon. Affordable and filling — will order again.,20
418,5,Green Garden Catering,Vegetarian,gold,2023-12-16,5,Hot food arrived hot — impressive logistics. Hot food arrived hot — impressive logistics. We have used them three times and they get better every time.,26
767,10,New England Deli,American,needs_improvement,2023-12-16,4,The delivery team handled a difficult parking situation gracefully. Eco-friendly containers were a nice touch.,15
816,10,New England Deli,American,needs_improvement,2023-12-19,4,Showed up early and had everything ready before our guests arrived. The food exceeded our expectations.,16
341,4,Bella Cucina Events,Italian,platinum,2023-12-22,5,On-time delivery made our event stress-free. Everything tasted fresh and flavorful. We have used them three times and they get better every time.,23
564,7,The Grain Bowl,American,silver,2023-12-22,4,Everything tasted fresh and flavorful. Everything tasted fresh and flavorful.,10
380,5,Green Garden Catering,Vegetarian,gold,2023-12-23,5,The flavors were bold and authentic. The delivery team handled a difficult parking situation gracefully. We have used them three times and they get better every time.,27
936,12,Pacific Rim Catering,Asian Fusion,silver,2023-12-23,4,Incredibly fresh — you could taste the quality. The quality of the ingredients was outstanding.,15
772,10,New England Deli,American,needs_improvement,2023-12-24,4,The quality of the ingredients was outstanding. The food exceeded our expectations.,12
212,3,Harbor Fresh Kitchen,American,silver,2023-12-26,5,"Arrived right on time, which is rare. Packaging was neat and easy to serve. Affordable and filling — will order again.",21
682,9,Seoul Kitchen Catering,Korean,gold,2023-12-26,4,Delivery was prompt and professional. Portions were generous and well-presented.,10
338,4,Bella Cucina Events,Italian,platinum,2023-12-26,5,The driver was courteous and helpful with setup. Everything tasted fresh and flavorful. Already booked our next order.,18
819,10,New England Deli,American,needs_improvement,2023-12-26,4,"Our team raved about the food all afternoon. Everything was labeled clearly, including allergen info.",15
934,12,Pacific Rim Catering,Asian Fusion,silver,2023-12-27,4,Our team raved about the food all afternoon. Eco-friendly containers were a nice touch.,14
834,11,Saffron House,Middle Eastern,gold,2023-12-27,5,The quality of the ingredients was outstanding. The delivery team handled a difficult parking situation gracefully. Our go-to caterer for all company events.,23
951,12,Pacific Rim Catering,Asian Fusion,silver,2023-12-28,4,"Best catering we have had in the office. Each item was packaged individually, which our team appreciated.",17
591,8,Mediterranean Table,Mediterranean,platinum,2023-12-28,5,The driver was courteous and helpful with setup. The driver was courteous and helpful with setup. We have used them three times and they get better every time.,28
1092,14,Garden State Greens,Vegetarian,silver,2023-12-29,4,On-time delivery made our event stress-free. The food was absolutely delicious.,11
581,7,The Grain Bowl,American,silver,2023-12-29,4,A perfect variety of options for all dietary needs. Incredibly fresh — you could taste the quality.,17
67,1,Boston Box Lunch Co.,American,platinum,2023-12-29,5,"On-time delivery made our event stress-free. Everything was labeled clearly, including allergen info. We have used them three times and they get better every time.",25
421,5,Green Garden Catering,Vegetarian,gold,2023-12-30,5,"Showed up early and had everything ready before our guests arrived. Arrived right on time, which is rare. We have used them three times and they get better every time.",30
304,4,Bella Cucina Events,Italian,platinum,2023-12-30,5,"Arrived right on time, which is rare. Hot food arrived hot — impressive logistics. Already booked our next order.",19
1101,14,Garden State Greens,Vegetarian,silver,2023-12-30,5,"Arrived right on time, which is rare. Our team raved about the food all afternoon. Worth every penny for a team of 50.",23
1172,15,Federal Street Fare,American,needs_improvement,2023-12-30,4,The delivery team handled a difficult parking situation gracefully. Best catering we have had in the office.,17
1085,14,Garden State Greens,Vegetarian,silver,2023-12-30,4,"Arrived right on time, which is rare. Everything tasted fresh and flavorful.",12
395,5,Green Garden Catering,Vegetarian,gold,2024-01-02,4,"Portions were generous and well-presented. Arrived right on time, which is rare.",12
633,8,Mediterranean Table,Mediterranean,platinum,2024-01-02,5,Delivery was prompt and professional. The food was absolutely delicious. We will definitely be ordering again.,16
273,4,Bella Cucina Events,Italian,platinum,2024-01-03,5,The quality of the ingredients was outstanding. Incredibly fresh — you could taste the quality. Affordable and filling — will order again.,22
1041,13,The Smokehouse BBQ,BBQ,silver,2024-01-04,4,Delivery was prompt and professional. The quality of the ingredients was outstanding.,12
297,4,Bella Cucina Events,Italian,platinum,2024-01-04,5,Hot food arrived hot — impressive logistics. The quality of the ingredients was outstanding. Highly recommend to other offices in the area.,22
1187,15,Federal Street Fare,American,needs_improvement,2024-01-05,4,Showed up early and had everything ready before our guests arrived. Incredibly fresh — you could taste the quality.,19
807,10,New England Deli,American,needs_improvement,2024-01-06,4,Delivery was prompt and professional. A perfect variety of options for all dietary needs.,14
868,11,Saffron House,Middle Eastern,gold,2024-01-06,5,"Arrived right on time, which is rare. Showed up early and had everything ready before our guests arrived. Worth every penny for a team of 50.",26
472,6,Taqueria Del Sol,Mexican,gold,2024-01-07,4,Showed up early and had everything ready before our guests arrived. Hot food arrived hot — impressive logistics.,18
809,10,New England Deli,American,needs_improvement,2024-01-07,4,Our team raved about the food all afternoon. The driver was courteous and helpful with setup.,16
1000,13,The Smokehouse BBQ,BBQ,silver,2024-01-07,4,Our team raved about the food all afternoon. Delivery was prompt and professional.,13
197,3,Harbor Fresh Kitchen,American,silver,2024-01-07,5,Delivery was prompt and professional. The food was absolutely delicious. We will definitely be ordering again.,16
549,7,The Grain Bowl,American,silver,2024-01-07,4,Showed up early and had everything ready before our guests arrived. Incredibly fresh — you could taste the quality.,19
115,2,Spice Route Catering,Indian,gold,2024-01-08,5,"The delivery team handled a difficult parking situation gracefully. Arrived right on time, which is rare. Affordable and filling — will order again.",23
865,11,Saffron House,Middle Eastern,gold,2024-01-08,5,A perfect variety of options for all dietary needs. Best catering we have had in the office. Already booked our next order.,22
870,11,Saffron House,Middle Eastern,gold,2024-01-09,5,On-time delivery made our event stress-free. Hot food arrived hot — impressive logistics. We have used them three times and they get better every time.,25
511,6,Taqueria Del Sol,Mexican,gold,2024-01-09,4,The driver was courteous and helpful with setup. Incredibly fresh — you could taste the quality.,16
1178,15,Federal Street Fare,American,needs_improvement,2024-01-10,4,Incredibly fresh — you could taste the quality. A perfect variety of options for all dietary needs.,17
813,10,New England Deli,American,needs_improvement,2024-01-10,4,The quality of the ingredients was outstanding. Best catering we have had in the office.,15
1144,15,Federal Street Fare,American,needs_improvement,2024-01-11,4,A perfect variety of options for all dietary needs. Our team raved about the food all afternoon.,17
251,3,Harbor Fresh Kitchen,American,silver,2024-01-13,5,Delivery was prompt and professional. Everything tasted fresh and flavorful. Affordable and filling — will order again.,17
702,9,Seoul Kitchen Catering,Korean,gold,2024-01-13,5,A perfect variety of options for all dietary needs. Delivery was prompt and professional. We will definitely be ordering again.,20
1174,15,Federal Street Fare,American,needs_improvement,2024-01-15,4,Delivery was prompt and professional. Hot food arrived hot — impressive logistics.,12
296,4,Bella Cucina Events,Italian,platinum,2024-01-16,5,Showed up early and had everything ready before our guests arrived. Delivery was prompt and professional. Worth every penny for a team of 50.,24
1074,14,Garden State Greens,Vegetarian,silver,2024-01-16,4,On-time delivery made our event stress-free. A perfect variety of options for all dietary needs.,15
741,9,Seoul Kitchen Catering,Korean,gold,2024-01-17,5,On-time delivery made our event stress-free. On-time delivery made our event stress-free. Great value for the price.,17
245,3,Harbor Fresh Kitchen,American,silver,2024-01-18,4,Portions were generous and well-presented. Incredibly fresh — you could taste the quality.,13
210,3,Harbor Fresh Kitchen,American,silver,2024-01-18,4,Showed up early and had everything ready before our guests arrived. Best catering we have had in the office.,19
159,2,Spice Route Catering,Indian,gold,2024-01-18,5,"Arrived right on time, which is rare. Eco-friendly containers were a nice touch. Our go-to caterer for all company events.",20
735,9,Seoul Kitchen Catering,Korean,gold,2024-01-18,4,The food exceeded our expectations. Incredibly fresh — you could taste the quality.,13
412,5,Green Garden Catering,Vegetarian,gold,2024-01-19,5,"Showed up early and had everything ready before our guests arrived. Each item was packaged individually, which our team appreciated. Competitive pricing without sacrificing quality.",25
883,11,Saffron House,Middle Eastern,gold,2024-01-20,5,"Arrived right on time, which is rare. The flavors were bold and authentic. Our go-to caterer for all company events.",20
820,10,New England Deli,American,needs_improvement,2024-01-21,4,"Showed up early and had everything ready before our guests arrived. Each item was packaged individually, which our team appreciated.",20
457,6,Taqueria Del Sol,Mexican,gold,2024-01-21,4,On-time delivery made our event stress-free. The driver was courteous and helpful with setup.,14
174,2,Spice Route Catering,Indian,gold,2024-01-21,4,The driver was courteous and helpful with setup. Everything tasted fresh and flavorful.,13
1180,15,Federal Street Fare,American,needs_improvement,2024-01-22,4,Delivery was prompt and professional. The flavors were bold and authentic.,11
590,8,Mediterranean Table,Mediterranean,platinum,2024-01-24,5,On-time delivery made our event stress-free. The delivery team handled a difficult parking situation gracefully. We will definitely be ordering again.,21
325,4,Bella Cucina Events,Italian,platinum,2024-01-24,5,Showed up early and had everything ready before our guests arrived. Hot food arrived hot — impressive logistics. Great value for the price.,23
888,11,Saffron House,Middle Eastern,gold,2024-01-24,4,The delivery team handled a difficult parking situation gracefully. Showed up early and had everything ready before our guests arrived.,20
859,11,Saffron House,Middle Eastern,gold,2024-01-25,4,The food exceeded our expectations. Delivery was prompt and professional.,10
930,12,Pacific Rim Catering,Asian Fusion,silver,2024-01-25,4,Portions were generous and well-presented. Incredibly fresh — you could taste the quality.,13
213,3,Harbor Fresh Kitchen,American,silver,2024-01-25,4,Hot food arrived hot — impressive logistics. The flavors were bold and authentic.,13
1117,14,Garden State Greens,Vegetarian,silver,2024-01-26,4,Everything tasted fresh and flavorful. The food was absolutely delicious.,10
173,2,Spice Route Catering,Indian,gold,2024-01-28,5,On-time delivery made our event stress-free. Hot food arrived hot — impressive logistics. Affordable and filling — will order again.,20
903,11,Saffron House,Middle Eastern,gold,2024-01-28,5,On-time delivery made our event stress-free. The flavors were bold and authentic. We have used them three times and they get better every time.,24
1094,14,Garden State Greens,Vegetarian,silver,2024-01-29,4,The food exceeded our expectations. Portions were generous and well-presented.,10
1032,13,The Smokehouse BBQ,BBQ,silver,2024-01-30,4,The driver was courteous and helpful with setup. Our team raved about the food all afternoon.,16
635,8,Mediterranean Table,Mediterranean,platinum,2024-01-30,5,Showed up early and had everything ready before our guests arrived. Eco-friendly containers were a nice touch. Competitive pricing without sacrificing quality.,22
466,6,Taqueria Del Sol,Mexican,gold,2024-01-30,4,The delivery team handled a difficult parking situation gracefully. The quality of the ingredients was outstanding.,16
225,3,Harbor Fresh Kitchen,American,silver,2024-01-31,5,Showed up early and had everything ready before our guests arrived. On-time delivery made our event stress-free. Worth every penny for a team of 50.,25
852,11,Saffron House,Middle Eastern,gold,2024-02-01,5,Showed up early and had everything ready before our guests arrived. Portions were generous and well-presented. Great value for the price.,21
895,11,Saffron House,Middle Eastern,gold,2024-02-01,4,"Arrived right on time, which is rare. The quality of the ingredients was outstanding.",14
601,8,Mediterranean Table,Mediterranean,platinum,2024-02-03,5,The driver was courteous and helpful with setup. Everything tasted fresh and flavorful. Already booked our next order.,18
999,13,The Smokehouse BBQ,BBQ,silver,2024-02-04,4,The driver was courteous and helpful with setup. Portions were generous and well-presented.,13
181,3,Harbor Fresh Kitchen,American,silver,2024-02-05,4,Showed up early and had everything ready before our guests arrived. Incredibly fresh — you could taste the quality.,19
261,4,Bella Cucina Events,Italian,platinum,2024-02-05,5,Delivery was prompt and professional. The food was absolutely delicious. Our go-to caterer for all company events.,17
230,3,Harbor Fresh Kitchen,American,silver,2024-02-06,5,Our team raved about the food all afternoon. Showed up early and had everything ready before our guests arrived. Competitive pricing without sacrificing quality.,24
34,1,Boston Box Lunch Co.,American,platinum,2024-02-06,5,Showed up early and had everything ready before our guests arrived. The driver was courteous and helpful with setup. Competitive pricing without sacrificing quality.,24
204,3,Harbor Fresh Kitchen,American,silver,2024-02-07,5,Our team raved about the food all afternoon. The food was absolutely delicious. Worth every penny for a team of 50.,21
206,3,Harbor Fresh Kitchen,American,silver,2024-02-07,4,"On-time delivery made our event stress-free. Arrived right on time, which is rare.",13
1045,13,The Smokehouse BBQ,BBQ,silver,2024-02-08,4,Showed up early and had everything ready before our guests arrived. The driver was courteous and helpful with setup.,19
987,12,Pacific Rim Catering,Asian Fusion,silver,2024-02-09,4,Hot food arrived hot — impressive logistics. The driver was courteous and helpful with setup.,15
1160,15,Federal Street Fare,American,needs_improvement,2024-02-09,4,On-time delivery made our event stress-free. Best catering we have had in the office.,14
904,11,Saffron House,Middle Eastern,gold,2024-02-09,5,On-time delivery made our event stress-free. Everything tasted fresh and flavorful. We will definitely be ordering again.,17
634,8,Mediterranean Table,Mediterranean,platinum,2024-02-10,5,"Arrived right on time, which is rare. Arrived right on time, which is rare. We have used them three times and they get better every time.",26
626,8,Mediterranean Table,Mediterranean,platinum,2024-02-10,5,Incredibly fresh — you could taste the quality. Everything tasted fresh and flavorful. Affordable and filling — will order again.,20
774,10,New England Deli,American,needs_improvement,2024-02-10,4,"Delivery was prompt and professional. Everything was labeled clearly, including allergen info.",12
725,9,Seoul Kitchen Catering,Korean,gold,2024-02-10,5,"Arrived right on time, which is rare. Incredibly fresh — you could taste the quality. Worth every penny for a team of 50.",23
558,7,The Grain Bowl,American,silver,2024-02-11,4,On-time delivery made our event stress-free. Everything tasted fresh and flavorful.,11
892,11,Saffron House,Middle Eastern,gold,2024-02-12,5,Delivery was prompt and professional. Hot food arrived hot — impressive logistics. Great value for the price.,17
655,8,Mediterranean Table,Mediterranean,platinum,2024-02-13,5,The driver was courteous and helpful with setup. The driver was courteous and helpful with setup. Highly recommend to other offices in the area.,24
281,4,Bella Cucina Events,Italian,platinum,2024-02-14,5,Everything tasted fresh and flavorful. Portions were generous and well-presented. Already booked our next order.,15
1105,14,Garden State Greens,Vegetarian,silver,2024-02-14,4,Incredibly fresh — you could taste the quality. On-time delivery made our event stress-free.,14
375,5,Green Garden Catering,Vegetarian,gold,2024-02-14,5,Portions were generous and well-presented. Showed up early and had everything ready before our guests arrived. Highly recommend to other offices in the area.,24
388,5,Green Garden Catering,Vegetarian,gold,2024-02-15,5,The food exceeded our expectations. The delivery team handled a difficult parking situation gracefully. Affordable and filling — will order again.,21
351,5,Green Garden Catering,Vegetarian,gold,2024-02-15,5,On-time delivery made our event stress-free. The quality of the ingredients was outstanding. Our go-to caterer for all company events.,20
659,8,Mediterranean Table,Mediterranean,platinum,2024-02-15,5,On-time delivery made our event stress-free. Our team raved about the food all afternoon. Worth every penny for a team of 50.,22
605,8,Mediterranean Table,Mediterranean,platinum,2024-02-16,5,"Hot food arrived hot — impressive logistics. The presentation was beautiful — looked catered, not just delivered. Already booked our next order.",22
403,5,Green Garden Catering,Vegetarian,gold,2024-02-17,5,"The flavors were bold and authentic. The presentation was beautiful — looked catered, not just delivered. Competitive pricing without sacrificing quality.",21
85,1,Boston Box Lunch Co.,American,platinum,2024-02-18,5,Showed up early and had everything ready before our guests arrived. The food exceeded our expectations. Already booked our next order.,21
769,10,New England Deli,American,needs_improvement,2024-02-20,4,"Arrived right on time, which is rare. Arrived right on time, which is rare.",14
988,12,Pacific Rim Catering,Asian Fusion,silver,2024-02-20,4,Our team raved about the food all afternoon. Eco-friendly containers were a nice touch.,14
425,5,Green Garden Catering,Vegetarian,gold,2024-02-20,5,The food exceeded our expectations. The flavors were bold and authentic. Competitive pricing without sacrificing quality.,16
913,11,Saffron House,Middle Eastern,gold,2024-02-20,5,Delivery was prompt and professional. The food exceeded our expectations. Great value for the price.,15
900,11,Saffron House,Middle Eastern,gold,2024-02-21,5,"The quality of the ingredients was outstanding. Arrived right on time, which is rare. Already booked our next order.",19
1021,13,The Smokehouse BBQ,BBQ,silver,2024-02-22,4,The food exceeded our expectations. On-time delivery made our event stress-free.,11
524,7,The Grain Bowl,American,silver,2024-02-22,5,A perfect variety of options for all dietary needs. Delivery was prompt and professional. Already booked our next order.,19
997,13,The Smokehouse BBQ,BBQ,silver,2024-02-22,4,Everything tasted fresh and flavorful. The food exceeded our expectations.,10
1131,14,Garden State Greens,Vegetarian,silver,2024-02-22,4,Everything tasted fresh and flavorful. The food was absolutely delicious.,10
258,4,Bella Cucina Events,Italian,platinum,2024-02-24,5,On-time delivery made our event stress-free. The flavors were bold and authentic. Our go-to caterer for all company events.,19
161,2,Spice Route Catering,Indian,gold,2024-02-25,4,The delivery team handled a difficult parking situation gracefully. Portions were generous and well-presented.,14
618,8,Mediterranean Table,Mediterranean,platinum,2024-02-25,5,The quality of the ingredients was outstanding. Best catering we have had in the office. We have used them three times and they get better every time.,27
971,12,Pacific Rim Catering,Asian Fusion,silver,2024-02-26,5,"Arrived right on time, which is rare. The quality of the ingredients was outstanding. Affordable and filling — will order again.",21
340,4,Bella Cucina Events,Italian,platinum,2024-02-27,5,The food exceeded our expectations. Hot food arrived hot — impressive logistics. Competitive pricing without sacrificing quality.,17
1043,13,The Smokehouse BBQ,BBQ,silver,2024-02-27,4,Portions were generous and well-presented. Best catering we have had in the office.,13
658,8,Mediterranean Table,Mediterranean,platinum,2024-02-27,4,Incredibly fresh — you could taste the quality. Incredibly fresh — you could taste the quality.,16
1048,13,The Smokehouse BBQ,BBQ,silver,2024-02-28,4,Delivery was prompt and professional. The food exceeded our expectations.,10
631,8,Mediterranean Table,Mediterranean,platinum,2024-02-28,4,Showed up early and had everything ready before our guests arrived. On-time delivery made our event stress-free.,17
793,10,New England Deli,American,needs_improvement,2024-02-29,4,Everything tasted fresh and flavorful. Eco-friendly containers were a nice touch.,11
260,4,Bella Cucina Events,Italian,platinum,2024-02-29,5,"Arrived right on time, which is rare. Delivery was prompt and professional. Affordable and filling — will order again.",19
205,3,Harbor Fresh Kitchen,American,silver,2024-03-01,4,The food was absolutely delicious. Best catering we have had in the office.,13
513,6,Taqueria Del Sol,Mexican,gold,2024-03-01,4,The food was absolutely delicious. The flavors were bold and authentic.,11
724,9,Seoul Kitchen Catering,Korean,gold,2024-03-02,5,The delivery team handled a difficult parking situation gracefully. Incredibly fresh — you could taste the quality. Highly recommend to other offices in the area.,25
236,3,Harbor Fresh Kitchen,American,silver,2024-03-02,4,"The delivery team handled a difficult parking situation gracefully. Each item was packaged individually, which our team appreciated.",18
203,3,Harbor Fresh Kitchen,American,silver,2024-03-03,4,The flavors were bold and authentic. Portions were generous and well-presented.,11
1083,14,Garden State Greens,Vegetarian,silver,2024-03-03,4,A perfect variety of options for all dietary needs. A perfect variety of options for all dietary needs.,18
629,8,Mediterranean Table,Mediterranean,platinum,2024-03-04,5,Showed up early and had everything ready before our guests arrived. The quality of the ingredients was outstanding. Affordable and filling — will order again.,25
992,13,The Smokehouse BBQ,BBQ,silver,2024-03-04,4,The delivery team handled a difficult parking situation gracefully. The flavors were bold and authentic.,15
68,1,Boston Box Lunch Co.,American,platinum,2024-03-06,5,A perfect variety of options for all dietary needs. Portions were generous and well-presented. We have used them three times and they get better every time.,26
719,9,Seoul Kitchen Catering,Korean,gold,2024-03-07,4,"Showed up early and had everything ready before our guests arrived. Each item was packaged individually, which our team appreciated.",20
433,5,Green Garden Catering,Vegetarian,gold,2024-03-07,5,Best catering we have had in the office. The food was absolutely delicious. Our go-to caterer for all company events.,20
801,10,New England Deli,American,needs_improvement,2024-03-09,4,"The delivery team handled a difficult parking situation gracefully. Each item was packaged individually, which our team appreciated.",18
705,9,Seoul Kitchen Catering,Korean,gold,2024-03-09,5,On-time delivery made our event stress-free. Best catering we have had in the office. We will definitely be ordering again.,20
277,4,Bella Cucina Events,Italian,platinum,2024-03-11,5,On-time delivery made our event stress-free. Delivery was prompt and professional. Highly recommend to other offices in the area.,19
990,12,Pacific Rim Catering,Asian Fusion,silver,2024-03-12,4,"Arrived right on time, which is rare. The flavors were bold and authentic.",13
479,6,Taqueria Del Sol,Mexican,gold,2024-03-12,4,"Incredibly fresh — you could taste the quality. Everything was labeled clearly, including allergen info.",15
282,4,Bella Cucina Events,Italian,platinum,2024-03-16,5,"Arrived right on time, which is rare. The delivery team handled a difficult parking situation gracefully. We have used them three times and they get better every time.",28
1076,14,Garden State Greens,Vegetarian,silver,2024-03-17,4,"On-time delivery made our event stress-free. The presentation was beautiful — looked catered, not just delivered.",16
884,11,Saffron House,Middle Eastern,gold,2024-03-17,5,The driver was courteous and helpful with setup. Incredibly fresh — you could taste the quality. Our go-to caterer for all company events.,23
662,8,Mediterranean Table,Mediterranean,platinum,2024-03-17,5,Portions were generous and well-presented. Portions were generous and well-presented. Our go-to caterer for all company events.,17
1191,15,Federal Street Fare,American,needs_improvement,2024-03-18,4,Our team raved about the food all afternoon. Hot food arrived hot — impressive logistics.,15
214,3,Harbor Fresh Kitchen,American,silver,2024-03-18,4,The food was absolutely delicious. On-time delivery made our event stress-free.,11
556,7,The Grain Bowl,American,silver,2024-03-19,4,"A perfect variety of options for all dietary needs. Each item was packaged individually, which our team appreciated.",18
831,11,Saffron House,Middle Eastern,gold,2024-03-21,4,"Portions were generous and well-presented. Each item was packaged individually, which our team appreciated.",14
369,5,Green Garden Catering,Vegetarian,gold,2024-03-23,5,A perfect variety of options for all dietary needs. Eco-friendly containers were a nice touch. We will definitely be ordering again.,21
187,3,Harbor Fresh Kitchen,American,silver,2024-03-23,4,Everything tasted fresh and flavorful. The quality of the ingredients was outstanding.,12
1030,13,The Smokehouse BBQ,BBQ,silver,2024-03-24,4,"Arrived right on time, which is rare. Each item was packaged individually, which our team appreciated.",16
504,6,Taqueria Del Sol,Mexican,gold,2024-03-25,5,Portions were generous and well-presented. Showed up early and had everything ready before our guests arrived. Our go-to caterer for all company events.,23
450,6,Taqueria Del Sol,Mexican,gold,2024-03-25,4,On-time delivery made our event stress-free. Best catering we have had in the office.,14
493,6,Taqueria Del Sol,Mexican,gold,2024-03-27,5,"Incredibly fresh — you could taste the quality. Arrived right on time, which is rare. Already booked our next order.",20
815,10,New England Deli,American,needs_improvement,2024-03-28,4,Delivery was prompt and professional. Eco-friendly containers were a nice touch.,11
1134,14,Garden State Greens,Vegetarian,silver,2024-03-28,4,On-time delivery made our event stress-free. Portions were generous and well-presented.,11
714,9,Seoul Kitchen Catering,Korean,gold,2024-03-29,5,The delivery team handled a difficult parking situation gracefully. The food exceeded our expectations. Highly recommend to other offices in the area.,22
1137,14,Garden State Greens,Vegetarian,silver,2024-03-29,4,"Incredibly fresh — you could taste the quality. The presentation was beautiful — looked catered, not just delivered.",18
1161,15,Federal Street Fare,American,needs_improvement,2024-03-31,4,"Incredibly fresh — you could taste the quality. Arrived right on time, which is rare.",15
178,3,Harbor Fresh Kitchen,American,silver,2024-04-01,4,The driver was courteous and helpful with setup. The food was absolutely delicious.,13
499,6,Taqueria Del Sol,Mexican,gold,2024-04-02,4,The food exceeded our expectations. The food was absolutely delicious.,10
436,6,Taqueria Del Sol,Mexican,gold,2024-04-02,5,"The food was absolutely delicious. Each item was packaged individually, which our team appreciated. Our go-to caterer for all company events.",21
925,12,Pacific Rim Catering,Asian Fusion,silver,2024-04-02,4,Hot food arrived hot — impressive logistics. Incredibly fresh — you could taste the quality.,15
52,1,Boston Box Lunch Co.,American,platinum,2024-04-02,5,The driver was courteous and helpful with setup. The quality of the ingredients was outstanding. Affordable and filling — will order again.,22
873,11,Saffron House,Middle Eastern,gold,2024-04-05,5,On-time delivery made our event stress-free. Best catering we have had in the office. We have used them three times and they get better every time.,26
625,8,Mediterranean Table,Mediterranean,platinum,2024-04-05,5,"Arrived right on time, which is rare. Everything tasted fresh and flavorful. Affordable and filling — will order again.",19
308,4,Bella Cucina Events,Italian,platinum,2024-04-06,5,Everything tasted fresh and flavorful. Eco-friendly containers were a nice touch. Worth every penny for a team of 50.,19
453,6,Taqueria Del Sol,Mexican,gold,2024-04-08,4,"Hot food arrived hot — impressive logistics. Everything was labeled clearly, including allergen info.",14
602,8,Mediterranean Table,Mediterranean,platinum,2024-04-08,5,Everything tasted fresh and flavorful. Hot food arrived hot — impressive logistics. Affordable and filling — will order again.,19
373,5,Green Garden Catering,Vegetarian,gold,2024-04-09,4,The driver was courteous and helpful with setup. A perfect variety of options for all dietary needs.,17
97,2,Spice Route Catering,Indian,gold,2024-04-09,5,Best catering we have had in the office. Packaging was neat and easy to serve. Our go-to caterer for all company events.,22
1077,14,Garden State Greens,Vegetarian,silver,2024-04-10,5,"Best catering we have had in the office. The presentation was beautiful — looked catered, not just delivered. Affordable and filling — will order again.",25
376,5,Green Garden Catering,Vegetarian,gold,2024-04-11,4,The flavors were bold and authentic. Showed up early and had everything ready before our guests arrived.,17
909,11,Saffron House,Middle Eastern,gold,2024-04-12,4,Best catering we have had in the office. The food was absolutely delicious.,13
1120,14,Garden State Greens,Vegetarian,silver,2024-04-13,4,On-time delivery made our event stress-free. The food was absolutely delicious.,11
993,13,The Smokehouse BBQ,BBQ,silver,2024-04-13,4,Best catering we have had in the office. Packaging was neat and easy to serve.,15
1145,15,Federal Street Fare,American,needs_improvement,2024-04-14,4,Our team raved about the food all afternoon. Hot food arrived hot — impressive logistics.,15
760,9,Seoul Kitchen Catering,Korean,gold,2024-04-15,5,"The quality of the ingredients was outstanding. Each item was packaged individually, which our team appreciated. Worth every penny for a team of 50.",24
190,3,Harbor Fresh Kitchen,American,silver,2024-04-16,5,The driver was courteous and helpful with setup. Eco-friendly containers were a nice touch. Affordable and filling — will order again.,21
867,11,Saffron House,Middle Eastern,gold,2024-04-16,5,"The food was absolutely delicious. Arrived right on time, which is rare. Our go-to caterer for all company events.",19
1194,15,Federal Street Fare,American,needs_improvement,2024-04-16,4,Everything tasted fresh and flavorful. The delivery team handled a difficult parking situation gracefully.,14
23,1,Boston Box Lunch Co.,American,platinum,2024-04-17,5,"Delivery was prompt and professional. The presentation was beautiful — looked catered, not just delivered. Competitive pricing without sacrificing quality.",20
970,12,Pacific Rim Catering,Asian Fusion,silver,2024-04-17,4,"The food was absolutely delicious. Arrived right on time, which is rare.",12
948,12,Pacific Rim Catering,Asian Fusion,silver,2024-04-17,4,The food was absolutely delicious. Everything tasted fresh and flavorful.,10
1099,14,Garden State Greens,Vegetarian,silver,2024-04-17,4,Hot food arrived hot — impressive logistics. Eco-friendly containers were a nice touch.,13
370,5,Green Garden Catering,Vegetarian,gold,2024-04-19,5,The quality of the ingredients was outstanding. A perfect variety of options for all dietary needs. Our go-to caterer for all company events.,23
368,5,Green Garden Catering,Vegetarian,gold,2024-04-20,4,The food was absolutely delicious. The driver was courteous and helpful with setup.,13
465,6,Taqueria Del Sol,Mexican,gold,2024-04-21,5,"Portions were generous and well-presented. Everything was labeled clearly, including allergen info. Great value for the price.",17
995,13,The Smokehouse BBQ,BBQ,silver,2024-04-22,4,"Portions were generous and well-presented. Arrived right on time, which is rare.",12
83,1,Boston Box Lunch Co.,American,platinum,2024-04-23,5,Everything tasted fresh and flavorful. The driver was courteous and helpful with setup. Highly recommend to other offices in the area.,21
411,5,Green Garden Catering,Vegetarian,gold,2024-04-24,5,On-time delivery made our event stress-free. The flavors were bold and authentic. Highly recommend to other offices in the area.,20
391,5,Green Garden Catering,Vegetarian,gold,2024-04-24,5,Hot food arrived hot — impressive logistics. Packaging was neat and easy to serve. Worth every penny for a team of 50.,22
390,5,Green Garden Catering,Vegetarian,gold,2024-04-25,5,The quality of the ingredients was outstanding. Delivery was prompt and professional. Our go-to caterer for all company events.,19
392,5,Green Garden Catering,Vegetarian,gold,2024-04-25,5,Hot food arrived hot — impressive logistics. Incredibly fresh — you could taste the quality. We will definitely be ordering again.,21
1036,13,The Smokehouse BBQ,BBQ,silver,2024-04-26,4,Hot food arrived hot — impressive logistics. The quality of the ingredients was outstanding.,14
939,12,Pacific Rim Catering,Asian Fusion,silver,2024-04-26,4,Hot food arrived hot — impressive logistics. Incredibly fresh — you could taste the quality.,15
863,11,Saffron House,Middle Eastern,gold,2024-04-29,4,"The delivery team handled a difficult parking situation gracefully. Everything was labeled clearly, including allergen info.",16
891,11,Saffron House,Middle Eastern,gold,2024-04-29,4,Everything tasted fresh and flavorful. The delivery team handled a difficult parking situation gracefully.,14
41,1,Boston Box Lunch Co.,American,platinum,2024-04-30,5,Everything tasted fresh and flavorful. On-time delivery made our event stress-free. Highly recommend to other offices in the area.,19
1029,13,The Smokehouse BBQ,BBQ,silver,2024-05-01,4,"The flavors were bold and authentic. Arrived right on time, which is rare.",13
118,2,Spice Route Catering,Indian,gold,2024-05-01,4,The delivery team handled a difficult parking situation gracefully. Eco-friendly containers were a nice touch.,15
191,3,Harbor Fresh Kitchen,American,silver,2024-05-01,4,A perfect variety of options for all dietary needs. Incredibly fresh — you could taste the quality.,17
1090,14,Garden State Greens,Vegetarian,silver,2024-05-02,4,Everything tasted fresh and flavorful. Hot food arrived hot — impressive logistics.,12
753,9,Seoul Kitchen Catering,Korean,gold,2024-05-02,4,Incredibly fresh — you could taste the quality. The driver was courteous and helpful with setup.,16
526,7,The Grain Bowl,American,silver,2024-05-03,4,Portions were generous and well-presented. Incredibly fresh — you could taste the quality.,13
864,11,Saffron House,Middle Eastern,gold,2024-05-03,5,The quality of the ingredients was outstanding. The quality of the ingredients was outstanding. We have used them three times and they get better every time.,26
317,4,Bella Cucina Events,Italian,platinum,2024-05-04,5,The food exceeded our expectations. Showed up early and had everything ready before our guests arrived. Highly recommend to other offices in the area.,24
57,1,Boston Box Lunch Co.,American,platinum,2024-05-04,4,The food exceeded our expectations. Eco-friendly containers were a nice touch.,11
55,1,Boston Box Lunch Co.,American,platinum,2024-05-05,5,Hot food arrived hot — impressive logistics. Eco-friendly containers were a nice touch. Competitive pricing without sacrificing quality.,18
396,5,Green Garden Catering,Vegetarian,gold,2024-05-06,5,"Showed up early and had everything ready before our guests arrived. The presentation was beautiful — looked catered, not just delivered. Competitive pricing without sacrificing quality.",26
42,1,Boston Box Lunch Co.,American,platinum,2024-05-06,5,The driver was courteous and helpful with setup. The quality of the ingredients was outstanding. Worth every penny for a team of 50.,23
495,6,Taqueria Del Sol,Mexican,gold,2024-05-07,4,Delivery was prompt and professional. The delivery team handled a difficult parking situation gracefully.,14
35,1,Boston Box Lunch Co.,American,platinum,2024-05-08,5,"Arrived right on time, which is rare. The food exceeded our expectations. Competitive pricing without sacrificing quality.",17
166,2,Spice Route Catering,Indian,gold,2024-05-09,5,"Arrived right on time, which is rare. Best catering we have had in the office. Worth every penny for a team of 50.",23
508,6,Taqueria Del Sol,Mexican,gold,2024-05-09,4,The quality of the ingredients was outstanding. Hot food arrived hot — impressive logistics.,14
415,5,Green Garden Catering,Vegetarian,gold,2024-05-10,4,Hot food arrived hot — impressive logistics. Portions were generous and well-presented.,12
759,9,Seoul Kitchen Catering,Korean,gold,2024-05-10,5,Delivery was prompt and professional. The food was absolutely delicious. Affordable and filling — will order again.,17
780,10,New England Deli,American,needs_improvement,2024-05-11,4,Delivery was prompt and professional. A perfect variety of options for all dietary needs.,14
1089,14,Garden State Greens,Vegetarian,silver,2024-05-12,4,"Best catering we have had in the office. Arrived right on time, which is rare.",15
687,9,Seoul Kitchen Catering,Korean,gold,2024-05-13,4,The food was absolutely delicious. Everything tasted fresh and flavorful.,10
991,12,Pacific Rim Catering,Asian Fusion,silver,2024-05-15,4,Everything tasted fresh and flavorful. On-time delivery made our event stress-free.,11
694,9,Seoul Kitchen Catering,Korean,gold,2024-05-15,5,Showed up early and had everything ready before our guests arrived. The food exceeded our expectations. We have used them three times and they get better every time.,28
378,5,Green Garden Catering,Vegetarian,gold,2024-05-16,5,The food was absolutely delicious. A perfect variety of options for all dietary needs. We have used them three times and they get better every time.,26
507,6,Taqueria Del Sol,Mexican,gold,2024-05-17,4,Best catering we have had in the office. The delivery team handled a difficult parking situation gracefully.,17
196,3,Harbor Fresh Kitchen,American,silver,2024-05-19,4,Best catering we have had in the office. Showed up early and had everything ready before our guests arrived.,19
979,12,Pacific Rim Catering,Asian Fusion,silver,2024-05-19,4,Delivery was prompt and professional. A perfect variety of options for all dietary needs.,14
24,1,Boston Box Lunch Co.,American,platinum,2024-05-20,5,Our team raved about the food all afternoon. The flavors were bold and authentic. Worth every penny for a team of 50.,22
533,7,The Grain Bowl,American,silver,2024-05-21,4,The delivery team handled a difficult parking situation gracefully. The food was absolutely delicious.,14
255,4,Bella Cucina Events,Italian,platinum,2024-05-22,4,"Arrived right on time, which is rare. Showed up early and had everything ready before our guests arrived.",18
521,7,The Grain Bowl,American,silver,2024-05-22,4,Delivery was prompt and professional. The food exceeded our expectations.,10
897,11,Saffron House,Middle Eastern,gold,2024-05-23,5,"Our team raved about the food all afternoon. Everything was labeled clearly, including allergen info. Highly recommend to other offices in the area.",23
226,3,Harbor Fresh Kitchen,American,silver,2024-05-23,4,The food was absolutely delicious. The flavors were bold and authentic.,11
889,11,Saffron House,Middle Eastern,gold,2024-05-23,4,"Everything tasted fresh and flavorful. Everything was labeled clearly, including allergen info.",12
12,1,Boston Box Lunch Co.,American,platinum,2024-05-23,5,"Hot food arrived hot — impressive logistics. Arrived right on time, which is rare. Highly recommend to other offices in the area.",22
599,8,Mediterranean Table,Mediterranean,platinum,2024-05-24,4,The delivery team handled a difficult parking situation gracefully. The flavors were bold and authentic.,15
616,8,Mediterranean Table,Mediterranean,platinum,2024-05-24,5,Hot food arrived hot — impressive logistics. Eco-friendly containers were a nice touch. We have used them three times and they get better every time.,25
916,12,Pacific Rim Catering,Asian Fusion,silver,2024-05-24,4,The food was absolutely delicious. Packaging was neat and easy to serve.,12
235,3,Harbor Fresh Kitchen,American,silver,2024-05-25,5,Delivery was prompt and professional. Incredibly fresh — you could taste the quality. Worth every penny for a team of 50.,21
348,5,Green Garden Catering,Vegetarian,gold,2024-05-25,4,Everything tasted fresh and flavorful. Eco-friendly containers were a nice touch.,11
194,3,Harbor Fresh Kitchen,American,silver,2024-05-25,4,"Arrived right on time, which is rare. A perfect variety of options for all dietary needs.",16
175,2,Spice Route Catering,Indian,gold,2024-05-25,5,The delivery team handled a difficult parking situation gracefully. Delivery was prompt and professional. Worth every penny for a team of 50.,22
1046,13,The Smokehouse BBQ,BBQ,silver,2024-05-26,4,The driver was courteous and helpful with setup. Best catering we have had in the office.,16
593,8,Mediterranean Table,Mediterranean,platinum,2024-05-26,4,Showed up early and had everything ready before our guests arrived. The flavors were bold and authentic.,17
653,8,Mediterranean Table,Mediterranean,platinum,2024-05-27,4,Delivery was prompt and professional. The quality of the ingredients was outstanding.,12
543,7,The Grain Bowl,American,silver,2024-05-27,4,"Arrived right on time, which is rare. Our team raved about the food all afternoon.",15
102,2,Spice Route Catering,Indian,gold,2024-05-27,4,Portions were generous and well-presented. Delivery was prompt and professional.,10
427,5,Green Garden Catering,Vegetarian,gold,2024-05-27,4,The delivery team handled a difficult parking situation gracefully. Portions were generous and well-presented.,14
65,1,Boston Box Lunch Co.,American,platinum,2024-05-28,5,"The flavors were bold and authentic. Arrived right on time, which is rare. We will definitely be ordering again.",19
751,9,Seoul Kitchen Catering,Korean,gold,2024-05-28,4,Hot food arrived hot — impressive logistics. Everything tasted fresh and flavorful.,12
1050,13,The Smokehouse BBQ,BBQ,silver,2024-05-29,4,"The flavors were bold and authentic. Each item was packaged individually, which our team appreciated.",15
771,10,New England Deli,American,needs_improvement,2024-05-30,4,Delivery was prompt and professional. Incredibly fresh — you could taste the quality.,13
132,2,Spice Route Catering,Indian,gold,2024-05-30,5,A perfect variety of options for all dietary needs. The quality of the ingredients was outstanding. Highly recommend to other offices in the area.,24
278,4,Bella Cucina Events,Italian,platinum,2024-05-30,5,Delivery was prompt and professional. The food was absolutely delicious. Great value for the price.,15
198,3,Harbor Fresh Kitchen,American,silver,2024-05-31,4,Our team raved about the food all afternoon. On-time delivery made our event stress-free.,14
104,2,Spice Route Catering,Indian,gold,2024-06-01,4,A perfect variety of options for all dietary needs. On-time delivery made our event stress-free.,15
143,2,Spice Route Catering,Indian,gold,2024-06-02,4,The driver was courteous and helpful with setup. The driver was courteous and helpful with setup.,16
1122,14,Garden State Greens,Vegetarian,silver,2024-06-03,5,Delivery was prompt and professional. Our team raved about the food all afternoon. Affordable and filling — will order again.,20
360,5,Green Garden Catering,Vegetarian,gold,2024-06-03,5,Portions were generous and well-presented. The flavors were bold and authentic. Worth every penny for a team of 50.,19
316,4,Bella Cucina Events,Italian,platinum,2024-06-04,5,"Arrived right on time, which is rare. The flavors were bold and authentic. Great value for the price.",18
619,8,Mediterranean Table,Mediterranean,platinum,2024-06-05,4,The food was absolutely delicious. Our team raved about the food all afternoon.,13
1058,13,The Smokehouse BBQ,BBQ,silver,2024-06-05,4,The delivery team handled a difficult parking situation gracefully. The food exceeded our expectations.,14
283,4,Bella Cucina Events,Italian,platinum,2024-06-06,5,The food was absolutely delicious. Eco-friendly containers were a nice touch. Worth every penny for a team of 50.,19
69,1,Boston Box Lunch Co.,American,platinum,2024-06-06,5,Incredibly fresh — you could taste the quality. Best catering we have had in the office. Great value for the price.,21
1158,15,Federal Street Fare,American,needs_improvement,2024-06-06,4,Hot food arrived hot — impressive logistics. The delivery team handled a difficult parking situation gracefully.,16
515,6,Taqueria Del Sol,Mexican,gold,2024-06-07,5,Incredibly fresh — you could taste the quality. The food was absolutely delicious. We have used them three times and they get better every time.,25
567,7,The Grain Bowl,American,silver,2024-06-07,4,Portions were generous and well-presented. Showed up early and had everything ready before our guests arrived.,16
608,8,Mediterranean Table,Mediterranean,platinum,2024-06-08,5,Everything tasted fresh and flavorful. Eco-friendly containers were a nice touch. We will definitely be ordering again.,17
1015,13,The Smokehouse BBQ,BBQ,silver,2024-06-08,4,The flavors were bold and authentic. The delivery team handled a difficult parking situation gracefully.,15
248,3,Harbor Fresh Kitchen,American,silver,2024-06-08,4,"Incredibly fresh — you could taste the quality. The presentation was beautiful — looked catered, not just delivered.",18
949,12,Pacific Rim Catering,Asian Fusion,silver,2024-06-09,4,The food exceeded our expectations. Eco-friendly containers were a nice touch.,11
730,9,Seoul Kitchen Catering,Korean,gold,2024-06-09,4,"The food exceeded our expectations. Each item was packaged individually, which our team appreciated.",14
490,6,Taqueria Del Sol,Mexican,gold,2024-06-09,4,"Arrived right on time, which is rare. Our team raved about the food all afternoon.",15
617,8,Mediterranean Table,Mediterranean,platinum,2024-06-10,4,The flavors were bold and authentic. The food exceeded our expectations.,11
92,2,Spice Route Catering,Indian,gold,2024-06-11,5,"On-time delivery made our event stress-free. Arrived right on time, which is rare. Competitive pricing without sacrificing quality.",18
920,12,Pacific Rim Catering,Asian Fusion,silver,2024-06-12,5,Incredibly fresh — you could taste the quality. Our team raved about the food all afternoon. Affordable and filling — will order again.,23
299,4,Bella Cucina Events,Italian,platinum,2024-06-12,5,The driver was courteous and helpful with setup. Eco-friendly containers were a nice touch. Already booked our next order.,19
1025,13,The Smokehouse BBQ,BBQ,silver,2024-06-12,4,The quality of the ingredients was outstanding. The flavors were bold and authentic.,13
530,7,The Grain Bowl,American,silver,2024-06-12,4,Everything tasted fresh and flavorful. Delivery was prompt and professional.,10
377,5,Green Garden Catering,Vegetarian,gold,2024-06-14,5,Best catering we have had in the office. The food was absolutely delicious. Our go-to caterer for all company events.,20
315,4,Bella Cucina Events,Italian,platinum,2024-06-14,5,"Hot food arrived hot — impressive logistics. The presentation was beautiful — looked catered, not just delivered. Worth every penny for a team of 50.",25
47,1,Boston Box Lunch Co.,American,platinum,2024-06-14,5,Delivery was prompt and professional. Delivery was prompt and professional. Affordable and filling — will order again.,17
902,11,Saffron House,Middle Eastern,gold,2024-06-16,4,"Arrived right on time, which is rare. Arrived right on time, which is rare.",14
562,7,The Grain Bowl,American,silver,2024-06-16,4,The food exceeded our expectations. Incredibly fresh — you could taste the quality.,13
665,8,Mediterranean Table,Mediterranean,platinum,2024-06-17,4,"Showed up early and had everything ready before our guests arrived. Each item was packaged individually, which our team appreciated.",20
875,11,Saffron House,Middle Eastern,gold,2024-06-17,4,The flavors were bold and authentic. Delivery was prompt and professional.,11
1026,13,The Smokehouse BBQ,BBQ,silver,2024-06-17,4,Portions were generous and well-presented. Everything tasted fresh and flavorful.,10
356,5,Green Garden Catering,Vegetarian,gold,2024-06-18,4,"Incredibly fresh — you could taste the quality. Each item was packaged individually, which our team appreciated.",17
183,3,Harbor Fresh Kitchen,American,silver,2024-06-18,4,Incredibly fresh — you could taste the quality. The quality of the ingredients was outstanding.,15
362,5,Green Garden Catering,Vegetarian,gold,2024-06-18,5,Delivery was prompt and professional. Incredibly fresh — you could taste the quality. Already booked our next order.,18
519,7,The Grain Bowl,American,silver,2024-06-18,4,The quality of the ingredients was outstanding. The food exceeded our expectations.,12
382,5,Green Garden Catering,Vegetarian,gold,2024-06-18,4,Showed up early and had everything ready before our guests arrived. The delivery team handled a difficult parking situation gracefully.,20
876,11,Saffron House,Middle Eastern,gold,2024-06-19,4,Hot food arrived hot — impressive logistics. The driver was courteous and helpful with setup.,15
935,12,Pacific Rim Catering,Asian Fusion,silver,2024-06-20,4,Portions were generous and well-presented. On-time delivery made our event stress-free.,11
126,2,Spice Route Catering,Indian,gold,2024-06-20,4,"The flavors were bold and authentic. Each item was packaged individually, which our team appreciated.",15
1003,13,The Smokehouse BBQ,BBQ,silver,2024-06-23,4,The food was absolutely delicious. Best catering we have had in the office.,13
63,1,Boston Box Lunch Co.,American,platinum,2024-06-23,4,The food exceeded our expectations. The food exceeded our expectations.,10
763,9,Seoul Kitchen Catering,Korean,gold,2024-06-24,5,The food was absolutely delicious. Packaging was neat and easy to serve. Competitive pricing without sacrificing quality.,17
45,1,Boston Box Lunch Co.,American,platinum,2024-06-24,5,Delivery was prompt and professional. Packaging was neat and easy to serve. Great value for the price.,17
46,1,Boston Box Lunch Co.,American,platinum,2024-06-24,5,On-time delivery made our event stress-free. The quality of the ingredients was outstanding. We will definitely be ordering again.,19
755,9,Seoul Kitchen Catering,Korean,gold,2024-06-24,5,Portions were generous and well-presented. Portions were generous and well-presented. Great value for the price.,15
814,10,New England Deli,American,needs_improvement,2024-06-25,4,Best catering we have had in the office. Incredibly fresh — you could taste the quality.,16
1038,13,The Smokehouse BBQ,BBQ,silver,2024-06-26,4,Hot food arrived hot — impressive logistics. Eco-friendly containers were a nice touch.,13
800,10,New England Deli,American,needs_improvement,2024-06-26,4,Best catering we have had in the office. Delivery was prompt and professional.,13
555,7,The Grain Bowl,American,silver,2024-06-27,4,"Everything tasted fresh and flavorful. Arrived right on time, which is rare.",12
72,1,Boston Box Lunch Co.,American,platinum,2024-06-27,4,Hot food arrived hot — impressive logistics. Our team raved about the food all afternoon.,15
101,2,Spice Route Catering,Indian,gold,2024-06-27,4,Portions were generous and well-presented. The delivery team handled a difficult parking situation gracefully.,14
534,7,The Grain Bowl,American,silver,2024-06-27,4,The food was absolutely delicious. Incredibly fresh — you could taste the quality.,13
405,5,Green Garden Catering,Vegetarian,gold,2024-06-27,5,"Incredibly fresh — you could taste the quality. Each item was packaged individually, which our team appreciated. Competitive pricing without sacrificing quality.",22
1142,15,Federal Street Fare,American,needs_improvement,2024-06-28,4,Everything tasted fresh and flavorful. Everything tasted fresh and flavorful.,10
983,12,Pacific Rim Catering,Asian Fusion,silver,2024-06-28,5,Everything tasted fresh and flavorful. A perfect variety of options for all dietary needs. Affordable and filling — will order again.,21
910,11,Saffron House,Middle Eastern,gold,2024-06-29,4,"The food exceeded our expectations. Everything was labeled clearly, including allergen info.",12
48,1,Boston Box Lunch Co.,American,platinum,2024-06-29,5,On-time delivery made our event stress-free. Incredibly fresh — you could taste the quality. Affordable and filling — will order again.,21
305,4,Bella Cucina Events,Italian,platinum,2024-06-30,4,"The food exceeded our expectations. Everything was labeled clearly, including allergen info.",12
77,1,Boston Box Lunch Co.,American,platinum,2024-06-30,4,The delivery team handled a difficult parking situation gracefully. Incredibly fresh — you could taste the quality.,17
919,12,Pacific Rim Catering,Asian Fusion,silver,2024-07-01,4,The quality of the ingredients was outstanding. The food exceeded our expectations.,12
32,1,Boston Box Lunch Co.,American,platinum,2024-07-01,5,"The delivery team handled a difficult parking situation gracefully. Everything was labeled clearly, including allergen info. Already booked our next order.",21
716,9,Seoul Kitchen Catering,Korean,gold,2024-07-01,4,"The food exceeded our expectations. The presentation was beautiful — looked catered, not just delivered.",15
647,8,Mediterranean Table,Mediterranean,platinum,2024-07-01,5,"The food exceeded our expectations. The presentation was beautiful — looked catered, not just delivered. We have used them three times and they get better every time.",27
789,10,New England Deli,American,needs_improvement,2024-07-03,4,Best catering we have had in the office. The food was absolutely delicious.,13
38,1,Boston Box Lunch Co.,American,platinum,2024-07-03,5,"Best catering we have had in the office. The presentation was beautiful — looked catered, not just delivered. Great value for the price.",23
467,6,Taqueria Del Sol,Mexican,gold,2024-07-03,4,Hot food arrived hot — impressive logistics. The quality of the ingredients was outstanding.,14
1200,15,Federal Street Fare,American,needs_improvement,2024-07-04,4,"Incredibly fresh — you could taste the quality. Each item was packaged individually, which our team appreciated.",17
600,8,Mediterranean Table,Mediterranean,platinum,2024-07-05,5,The delivery team handled a difficult parking situation gracefully. Hot food arrived hot — impressive logistics. Our go-to caterer for all company events.,23
851,11,Saffron House,Middle Eastern,gold,2024-07-06,4,Showed up early and had everything ready before our guests arrived. Portions were generous and well-presented.,16
894,11,Saffron House,Middle Eastern,gold,2024-07-08,5,Portions were generous and well-presented. Packaging was neat and easy to serve. Already booked our next order.,17
232,3,Harbor Fresh Kitchen,American,silver,2024-07-11,4,Delivery was prompt and professional. Showed up early and had everything ready before our guests arrived.,16
66,1,Boston Box Lunch Co.,American,platinum,2024-07-11,5,Hot food arrived hot — impressive logistics. Portions were generous and well-presented. Great value for the price.,17
1124,14,Garden State Greens,Vegetarian,silver,2024-07-13,5,On-time delivery made our event stress-free. Our team raved about the food all afternoon. Competitive pricing without sacrificing quality.,19
684,9,Seoul Kitchen Catering,Korean,gold,2024-07-15,4,Hot food arrived hot — impressive logistics. Best catering we have had in the office.,15
928,12,Pacific Rim Catering,Asian Fusion,silver,2024-07-15,4,"The quality of the ingredients was outstanding. Each item was packaged individually, which our team appreciated.",16
1042,13,The Smokehouse BBQ,BBQ,silver,2024-07-15,4,"The flavors were bold and authentic. Each item was packaged individually, which our team appreciated.",15
849,11,Saffron House,Middle Eastern,gold,2024-07-15,4,On-time delivery made our event stress-free. Showed up early and had everything ready before our guests arrived.,17
571,7,The Grain Bowl,American,silver,2024-07-15,4,Showed up early and had everything ready before our guests arrived. Packaging was neat and easy to serve.,18
62,1,Boston Box Lunch Co.,American,platinum,2024-07-15,5,The food was absolutely delicious. The food was absolutely delicious. Competitive pricing without sacrificing quality.,15
732,9,Seoul Kitchen Catering,Korean,gold,2024-07-17,5,A perfect variety of options for all dietary needs. Our team raved about the food all afternoon. Highly recommend to other offices in the area.,25
184,3,Harbor Fresh Kitchen,American,silver,2024-07-18,4,The food was absolutely delicious. Portions were generous and well-presented.,10
87,1,Boston Box Lunch Co.,American,platinum,2024-07-21,5,Showed up early and had everything ready before our guests arrived. The food was absolutely delicious. Our go-to caterer for all company events.,23
747,9,Seoul Kitchen Catering,Korean,gold,2024-07-21,4,"Hot food arrived hot — impressive logistics. Each item was packaged individually, which our team appreciated.",16
160,2,Spice Route Catering,Indian,gold,2024-07-21,4,Everything tasted fresh and flavorful. Everything tasted fresh and flavorful.,10
729,9,Seoul Kitchen Catering,Korean,gold,2024-07-21,5,Delivery was prompt and professional. Packaging was neat and easy to serve. Competitive pricing without sacrificing quality.,17
357,5,Green Garden Catering,Vegetarian,gold,2024-07-21,5,Delivery was prompt and professional. The delivery team handled a difficult parking situation gracefully. Highly recommend to other offices in the area.,22
295,4,Bella Cucina Events,Italian,platinum,2024-07-22,5,Portions were generous and well-presented. Packaging was neat and easy to serve. Our go-to caterer for all company events.,19
592,8,Mediterranean Table,Mediterranean,platinum,2024-07-22,5,"On-time delivery made our event stress-free. Arrived right on time, which is rare. Great value for the price.",18
406,5,Green Garden Catering,Vegetarian,gold,2024-07-22,4,Portions were generous and well-presented. Showed up early and had everything ready before our guests arrived.,16
537,7,The Grain Bowl,American,silver,2024-07-22,4,The food was absolutely delicious. Our team raved about the food all afternoon.,13
1118,14,Garden State Greens,Vegetarian,silver,2024-07-23,5,A perfect variety of options for all dietary needs. Packaging was neat and easy to serve. We have used them three times and they get better every time.,28
71,1,Boston Box Lunch Co.,American,platinum,2024-07-23,5,"Best catering we have had in the office. Each item was packaged individually, which our team appreciated. We have used them three times and they get better every time.",29
1157,15,Federal Street Fare,American,needs_improvement,2024-07-24,4,Incredibly fresh — you could taste the quality. Eco-friendly containers were a nice touch.,14
576,7,The Grain Bowl,American,silver,2024-07-24,4,Showed up early and had everything ready before our guests arrived. A perfect variety of options for all dietary needs.,20
129,2,Spice Route Catering,Indian,gold,2024-07-25,5,The food was absolutely delicious. Eco-friendly containers were a nice touch. We have used them three times and they get better every time.,23
1084,14,Garden State Greens,Vegetarian,silver,2024-07-25,5,On-time delivery made our event stress-free. Best catering we have had in the office. Already booked our next order.,19
946,12,Pacific Rim Catering,Asian Fusion,silver,2024-07-26,4,"Arrived right on time, which is rare. Packaging was neat and easy to serve.",14
1121,14,Garden State Greens,Vegetarian,silver,2024-07-27,4,The food was absolutely delicious. Best catering we have had in the office.,13
73,1,Boston Box Lunch Co.,American,platinum,2024-07-27,5,Our team raved about the food all afternoon. The food exceeded our expectations. We will definitely be ordering again.,19
1081,14,Garden State Greens,Vegetarian,silver,2024-07-27,4,On-time delivery made our event stress-free. The food was absolutely delicious.,11
432,5,Green Garden Catering,Vegetarian,gold,2024-07-29,5,Hot food arrived hot — impressive logistics. The flavors were bold and authentic. Worth every penny for a team of 50.,21
1190,15,Federal Street Fare,American,needs_improvement,2024-07-30,4,"Arrived right on time, which is rare. Everything tasted fresh and flavorful.",12
739,9,Seoul Kitchen Catering,Korean,gold,2024-07-30,5,Best catering we have had in the office. Best catering we have had in the office. Already booked our next order.,21
1091,14,Garden State Greens,Vegetarian,silver,2024-07-30,5,The delivery team handled a difficult parking situation gracefully. The driver was courteous and helpful with setup. Affordable and filling — will order again.,24
890,11,Saffron House,Middle Eastern,gold,2024-07-31,5,Showed up early and had everything ready before our guests arrived. Showed up early and had everything ready before our guests arrived. Our go-to caterer for all company events.,29
664,8,Mediterranean Table,Mediterranean,platinum,2024-08-01,4,The flavors were bold and authentic. On-time delivery made our event stress-free.,12
328,4,Bella Cucina Events,Italian,platinum,2024-08-01,5,The quality of the ingredients was outstanding. Everything tasted fresh and flavorful. Great value for the price.,17
342,4,Bella Cucina Events,Italian,platinum,2024-08-02,5,"Everything tasted fresh and flavorful. Everything was labeled clearly, including allergen info. We will definitely be ordering again.",18
434,5,Green Garden Catering,Vegetarian,gold,2024-08-02,5,"Incredibly fresh — you could taste the quality. Everything was labeled clearly, including allergen info. We have used them three times and they get better every time.",27
704,9,Seoul Kitchen Catering,Korean,gold,2024-08-03,5,"Arrived right on time, which is rare. The food exceeded our expectations. Highly recommend to other offices in the area.",20
1067,14,Garden State Greens,Vegetarian,silver,2024-08-05,4,Our team raved about the food all afternoon. Packaging was neat and easy to serve.,15
1104,14,Garden State Greens,Vegetarian,silver,2024-08-06,4,Incredibly fresh — you could taste the quality. Best catering we have had in the office.,16
172,2,Spice Route Catering,Indian,gold,2024-08-06,4,The food was absolutely delicious. Showed up early and had everything ready before our guests arrived.,16
878,11,Saffron House,Middle Eastern,gold,2024-08-07,5,"Arrived right on time, which is rare. Everything was labeled clearly, including allergen info. Worth every penny for a team of 50.",22
506,6,Taqueria Del Sol,Mexican,gold,2024-08-07,5,The driver was courteous and helpful with setup. Best catering we have had in the office. We will definitely be ordering again.,22
518,7,The Grain Bowl,American,silver,2024-08-08,4,The quality of the ingredients was outstanding. Best catering we have had in the office.,15
589,8,Mediterranean Table,Mediterranean,platinum,2024-08-08,5,The food exceeded our expectations. A perfect variety of options for all dietary needs. Competitive pricing without sacrificing quality.,19
461,6,Taqueria Del Sol,Mexican,gold,2024-08-08,4,Portions were generous and well-presented. Packaging was neat and easy to serve.,12
1098,14,Garden State Greens,Vegetarian,silver,2024-08-09,5,"Best catering we have had in the office. Arrived right on time, which is rare. We have used them three times and they get better every time.",27
1052,13,The Smokehouse BBQ,BBQ,silver,2024-08-10,4,"Hot food arrived hot — impressive logistics. Each item was packaged individually, which our team appreciated.",16
595,8,Mediterranean Table,Mediterranean,platinum,2024-08-12,5,The delivery team handled a difficult parking situation gracefully. Incredibly fresh — you could taste the quality. Competitive pricing without sacrificing quality.,22
757,9,Seoul Kitchen Catering,Korean,gold,2024-08-13,4,Showed up early and had everything ready before our guests arrived. Delivery was prompt and professional.,16
532,7,The Grain Bowl,American,silver,2024-08-13,4,Portions were generous and well-presented. Our team raved about the food all afternoon.,13
568,7,The Grain Bowl,American,silver,2024-08-14,4,The driver was courteous and helpful with setup. Incredibly fresh — you could taste the quality.,16
263,4,Bella Cucina Events,Italian,platinum,2024-08-14,5,Showed up early and had everything ready before our guests arrived. Best catering we have had in the office. Worth every penny for a team of 50.,27
1113,14,Garden State Greens,Vegetarian,silver,2024-08-14,4,The driver was courteous and helpful with setup. Everything tasted fresh and flavorful.,13
347,4,Bella Cucina Events,Italian,platinum,2024-08-14,5,Portions were generous and well-presented. The food exceeded our expectations. Affordable and filling — will order again.,17
885,11,Saffron House,Middle Eastern,gold,2024-08-15,4,The flavors were bold and authentic. The food exceeded our expectations.,11
940,12,Pacific Rim Catering,Asian Fusion,silver,2024-08-15,4,"Arrived right on time, which is rare. Everything was labeled clearly, including allergen info.",14
387,5,Green Garden Catering,Vegetarian,gold,2024-08-17,5,"Arrived right on time, which is rare. Incredibly fresh — you could taste the quality. We will definitely be ordering again.",21
644,8,Mediterranean Table,Mediterranean,platinum,2024-08-17,5,Portions were generous and well-presented. On-time delivery made our event stress-free. We have used them three times and they get better every time.,23
3,1,Boston Box Lunch Co.,American,platinum,2024-08-19,5,A perfect variety of options for all dietary needs. The food exceeded our expectations. Great value for the price.,19
624,8,Mediterranean Table,Mediterranean,platinum,2024-08-19,4,Best catering we have had in the office. The food exceeded our expectations.,13
926,12,Pacific Rim Catering,Asian Fusion,silver,2024-08-19,4,On-time delivery made our event stress-free. Packaging was neat and easy to serve.,13
777,10,New England Deli,American,needs_improvement,2024-08-20,4,The flavors were bold and authentic. Best catering we have had in the office.,14
247,3,Harbor Fresh Kitchen,American,silver,2024-08-20,4,Everything tasted fresh and flavorful. Delivery was prompt and professional.,10
1072,14,Garden State Greens,Vegetarian,silver,2024-08-21,5,The food exceeded our expectations. The driver was courteous and helpful with setup. We have used them three times and they get better every time.,25
13,1,Boston Box Lunch Co.,American,platinum,2024-08-22,5,The driver was courteous and helpful with setup. The flavors were bold and authentic. Affordable and filling — will order again.,21
588,7,The Grain Bowl,American,silver,2024-08-22,4,Incredibly fresh — you could taste the quality. The driver was courteous and helpful with setup.,16
123,2,Spice Route Catering,Indian,gold,2024-08-22,4,The flavors were bold and authentic. The driver was courteous and helpful with setup.,14
1096,14,Garden State Greens,Vegetarian,silver,2024-08-22,4,"Arrived right on time, which is rare. The food was absolutely delicious.",12
1103,14,Garden State Greens,Vegetarian,silver,2024-08-22,4,Hot food arrived hot — impressive logistics. The quality of the ingredients was outstanding.,14
615,8,Mediterranean Table,Mediterranean,platinum,2024-08-23,5,The food was absolutely delicious. The food exceeded our expectations. Worth every penny for a team of 50.,18
121,2,Spice Route Catering,Indian,gold,2024-08-23,4,The food exceeded our expectations. The food was absolutely delicious.,10
1018,13,The Smokehouse BBQ,BBQ,silver,2024-08-24,4,The food exceeded our expectations. Best catering we have had in the office.,13
1027,13,The Smokehouse BBQ,BBQ,silver,2024-08-24,4,Showed up early and had everything ready before our guests arrived. Delivery was prompt and professional.,16
683,9,Seoul Kitchen Catering,Korean,gold,2024-08-24,5,Best catering we have had in the office. Eco-friendly containers were a nice touch. Competitive pricing without sacrificing quality.,19
180,3,Harbor Fresh Kitchen,American,silver,2024-08-24,4,"Arrived right on time, which is rare. The quality of the ingredients was outstanding.",14
802,10,New England Deli,American,needs_improvement,2024-08-25,4,"The flavors were bold and authentic. Everything was labeled clearly, including allergen info.",13
1073,14,Garden State Greens,Vegetarian,silver,2024-08-25,5,"Delivery was prompt and professional. Each item was packaged individually, which our team appreciated. Great value for the price.",19
749,9,Seoul Kitchen Catering,Korean,gold,2024-08-25,5,The delivery team handled a difficult parking situation gracefully. A perfect variety of options for all dietary needs. Highly recommend to other offices in the area.,26
1019,13,The Smokehouse BBQ,BBQ,silver,2024-08-26,4,On-time delivery made our event stress-free. Incredibly fresh — you could taste the quality.,14
470,6,Taqueria Del Sol,Mexican,gold,2024-08-26,4,Our team raved about the food all afternoon. The food exceeded our expectations.,13
332,4,Bella Cucina Events,Italian,platinum,2024-08-27,5,Delivery was prompt and professional. Packaging was neat and easy to serve. Competitive pricing without sacrificing quality.,17
566,7,The Grain Bowl,American,silver,2024-08-27,4,Incredibly fresh — you could taste the quality. Our team raved about the food all afternoon.,16
346,4,Bella Cucina Events,Italian,platinum,2024-08-29,5,Hot food arrived hot — impressive logistics. Hot food arrived hot — impressive logistics. We will definitely be ordering again.,20
545,7,The Grain Bowl,American,silver,2024-08-29,4,Our team raved about the food all afternoon. Portions were generous and well-presented.,13
565,7,The Grain Bowl,American,silver,2024-08-31,4,"Arrived right on time, which is rare. The delivery team handled a difficult parking situation gracefully.",16
437,6,Taqueria Del Sol,Mexican,gold,2024-08-31,5,Incredibly fresh — you could taste the quality. Showed up early and had everything ready before our guests arrived. We have used them three times and they get better every time.,31
838,11,Saffron House,Middle Eastern,gold,2024-09-01,5,The flavors were bold and authentic. Showed up early and had everything ready before our guests arrived. Competitive pricing without sacrificing quality.,22
250,3,Harbor Fresh Kitchen,American,silver,2024-09-02,4,Delivery was prompt and professional. Everything tasted fresh and flavorful.,10
229,3,Harbor Fresh Kitchen,American,silver,2024-09-02,4,A perfect variety of options for all dietary needs. The food exceeded our expectations.,14
548,7,The Grain Bowl,American,silver,2024-09-03,4,The food exceeded our expectations. Everything tasted fresh and flavorful.,10
938,12,Pacific Rim Catering,Asian Fusion,silver,2024-09-04,4,Our team raved about the food all afternoon. Portions were generous and well-presented.,13
484,6,Taqueria Del Sol,Mexican,gold,2024-09-04,4,"Arrived right on time, which is rare. The quality of the ingredients was outstanding.",14
795,10,New England Deli,American,needs_improvement,2024-09-04,4,The driver was courteous and helpful with setup. The delivery team handled a difficult parking situation gracefully.,17
275,4,Bella Cucina Events,Italian,platinum,2024-09-05,5,The delivery team handled a difficult parking situation gracefully. Eco-friendly containers were a nice touch. We will definitely be ordering again.,21
539,7,The Grain Bowl,American,silver,2024-09-05,4,The delivery team handled a difficult parking situation gracefully. Incredibly fresh — you could taste the quality.,17
1107,14,Garden State Greens,Vegetarian,silver,2024-09-05,4,"Arrived right on time, which is rare. Incredibly fresh — you could taste the quality.",15
968,12,Pacific Rim Catering,Asian Fusion,silver,2024-09-05,4,"Arrived right on time, which is rare. Everything tasted fresh and flavorful.",12
941,12,Pacific Rim Catering,Asian Fusion,silver,2024-09-05,4,The food was absolutely delicious. Delivery was prompt and professional.,10
410,5,Green Garden Catering,Vegetarian,gold,2024-09-05,4,"The quality of the ingredients was outstanding. Arrived right on time, which is rare.",14
520,7,The Grain Bowl,American,silver,2024-09-07,4,"Everything tasted fresh and flavorful. The presentation was beautiful — looked catered, not just delivered.",15
37,1,Boston Box Lunch Co.,American,platinum,2024-09-07,5,Everything tasted fresh and flavorful. The food was absolutely delicious. Worth every penny for a team of 50.,18
311,4,Bella Cucina Events,Italian,platinum,2024-09-08,5,Delivery was prompt and professional. Best catering we have had in the office. Great value for the price.,18
458,6,Taqueria Del Sol,Mexican,gold,2024-09-08,5,Incredibly fresh — you could taste the quality. The flavors were bold and authentic. Great value for the price.,19
784,10,New England Deli,American,needs_improvement,2024-09-09,4,Hot food arrived hot — impressive logistics. Hot food arrived hot — impressive logistics.,14
706,9,Seoul Kitchen Catering,Korean,gold,2024-09-09,5,The quality of the ingredients was outstanding. Incredibly fresh — you could taste the quality. Worth every penny for a team of 50.,23
742,9,Seoul Kitchen Catering,Korean,gold,2024-09-10,5,"Arrived right on time, which is rare. Delivery was prompt and professional. We have used them three times and they get better every time.",24
579,7,The Grain Bowl,American,silver,2024-09-12,4,"Showed up early and had everything ready before our guests arrived. Each item was packaged individually, which our team appreciated.",20
1106,14,Garden State Greens,Vegetarian,silver,2024-09-12,4,Everything tasted fresh and flavorful. On-time delivery made our event stress-free.,11
76,1,Boston Box Lunch Co.,American,platinum,2024-09-12,5,Portions were generous and well-presented. The delivery team handled a difficult parking situation gracefully. We have used them three times and they get better every time.,26
718,9,Seoul Kitchen Catering,Korean,gold,2024-09-15,4,"The delivery team handled a difficult parking situation gracefully. Everything was labeled clearly, including allergen info.",16
480,6,Taqueria Del Sol,Mexican,gold,2024-09-15,4,Portions were generous and well-presented. Everything tasted fresh and flavorful.,10
16,1,Boston Box Lunch Co.,American,platinum,2024-09-15,5,Everything tasted fresh and flavorful. Hot food arrived hot — impressive logistics. Our go-to caterer for all company events.,19
202,3,Harbor Fresh Kitchen,American,silver,2024-09-16,4,Our team raved about the food all afternoon. On-time delivery made our event stress-free.,14
570,7,The Grain Bowl,American,silver,2024-09-16,4,The food exceeded our expectations. The food exceeded our expectations.,10
1001,13,The Smokehouse BBQ,BBQ,silver,2024-09-16,4,The driver was courteous and helpful with setup. On-time delivery made our event stress-free.,14
61,1,Boston Box Lunch Co.,American,platinum,2024-09-18,5,On-time delivery made our event stress-free. Delivery was prompt and professional. Worth every penny for a team of 50.,19
1082,14,Garden State Greens,Vegetarian,silver,2024-09-19,5,Everything tasted fresh and flavorful. Delivery was prompt and professional. Affordable and filling — will order again.,17
621,8,Mediterranean Table,Mediterranean,platinum,2024-09-19,5,Hot food arrived hot — impressive logistics. Everything tasted fresh and flavorful. Great value for the price.,17
861,11,Saffron House,Middle Eastern,gold,2024-09-19,5,"Arrived right on time, which is rare. Eco-friendly containers were a nice touch. We have used them three times and they get better every time.",25
794,10,New England Deli,American,needs_improvement,2024-09-19,4,Hot food arrived hot — impressive logistics. On-time delivery made our event stress-free.,13
798,10,New England Deli,American,needs_improvement,2024-09-20,4,Delivery was prompt and professional. The quality of the ingredients was outstanding.,12
384,5,Green Garden Catering,Vegetarian,gold,2024-09-20,5,On-time delivery made our event stress-free. Everything tasted fresh and flavorful. We will definitely be ordering again.,17
271,4,Bella Cucina Events,Italian,platinum,2024-09-21,5,Incredibly fresh — you could taste the quality. Best catering we have had in the office. Affordable and filling — will order again.,23
1150,15,Federal Street Fare,American,needs_improvement,2024-09-21,4,Portions were generous and well-presented. The driver was courteous and helpful with setup.,13
291,4,Bella Cucina Events,Italian,platinum,2024-09-22,5,Best catering we have had in the office. Delivery was prompt and professional. Great value for the price.,18
301,4,Bella Cucina Events,Italian,platinum,2024-09-22,5,Showed up early and had everything ready before our guests arrived. Hot food arrived hot — impressive logistics. Already booked our next order.,23
700,9,Seoul Kitchen Catering,Korean,gold,2024-09-23,4,Showed up early and had everything ready before our guests arrived. Best catering we have had in the office.,19
882,11,Saffron House,Middle Eastern,gold,2024-09-24,4,"Arrived right on time, which is rare. The delivery team handled a difficult parking situation gracefully.",16
280,4,Bella Cucina Events,Italian,platinum,2024-09-25,5,Hot food arrived hot — impressive logistics. Best catering we have had in the office. Highly recommend to other offices in the area.,23
279,4,Bella Cucina Events,Italian,platinum,2024-09-25,5,Showed up early and had everything ready before our guests arrived. Incredibly fresh — you could taste the quality. Highly recommend to other offices in the area.,27
498,6,Taqueria Del Sol,Mexican,gold,2024-09-25,4,On-time delivery made our event stress-free. Portions were generous and well-presented.,11
717,9,Seoul Kitchen Catering,Korean,gold,2024-09-26,5,"The food was absolutely delicious. Each item was packaged individually, which our team appreciated. Already booked our next order.",19
455,6,Taqueria Del Sol,Mexican,gold,2024-09-28,5,"Hot food arrived hot — impressive logistics. The presentation was beautiful — looked catered, not just delivered. Great value for the price.",22
1009,13,The Smokehouse BBQ,BBQ,silver,2024-09-30,4,Showed up early and had everything ready before our guests arrived. A perfect variety of options for all dietary needs.,20
964,12,Pacific Rim Catering,Asian Fusion,silver,2024-10-01,4,"Portions were generous and well-presented. Everything was labeled clearly, including allergen info.",12
429,5,Green Garden Catering,Vegetarian,gold,2024-10-02,4,"Everything tasted fresh and flavorful. Each item was packaged individually, which our team appreciated.",14
186,3,Harbor Fresh Kitchen,American,silver,2024-10-03,4,The delivery team handled a difficult parking situation gracefully. Eco-friendly containers were a nice touch.,15
428,5,Green Garden Catering,Vegetarian,gold,2024-10-03,5,Our team raved about the food all afternoon. Everything tasted fresh and flavorful. Highly recommend to other offices in the area.,21
696,9,Seoul Kitchen Catering,Korean,gold,2024-10-04,5,On-time delivery made our event stress-free. Incredibly fresh — you could taste the quality. Competitive pricing without sacrificing quality.,19
821,10,New England Deli,American,needs_improvement,2024-10-04,4,The food was absolutely delicious. A perfect variety of options for all dietary needs.,14
350,5,Green Garden Catering,Vegetarian,gold,2024-10-05,4,The driver was courteous and helpful with setup. Our team raved about the food all afternoon.,16
500,6,Taqueria Del Sol,Mexican,gold,2024-10-05,4,"Incredibly fresh — you could taste the quality. Arrived right on time, which is rare.",15
374,5,Green Garden Catering,Vegetarian,gold,2024-10-05,4,The food exceeded our expectations. Incredibly fresh — you could taste the quality.,13
656,8,Mediterranean Table,Mediterranean,platinum,2024-10-05,4,Portions were generous and well-presented. Best catering we have had in the office.,13
612,8,Mediterranean Table,Mediterranean,platinum,2024-10-07,5,"Best catering we have had in the office. Everything was labeled clearly, including allergen info. Great value for the price.",20
1071,14,Garden State Greens,Vegetarian,silver,2024-10-07,4,On-time delivery made our event stress-free. The quality of the ingredients was outstanding.,13
217,3,Harbor Fresh Kitchen,American,silver,2024-10-08,5,Delivery was prompt and professional. Eco-friendly containers were a nice touch. Our go-to caterer for all company events.,18
610,8,Mediterranean Table,Mediterranean,platinum,2024-10-08,5,A perfect variety of options for all dietary needs. The flavors were bold and authentic. We have used them three times and they get better every time.,27
1195,15,Federal Street Fare,American,needs_improvement,2024-10-08,4,"Arrived right on time, which is rare. The food exceeded our expectations.",12
721,9,Seoul Kitchen Catering,Korean,gold,2024-10-10,4,Our team raved about the food all afternoon. Incredibly fresh — you could taste the quality.,16
40,1,Boston Box Lunch Co.,American,platinum,2024-10-11,5,"The driver was courteous and helpful with setup. The presentation was beautiful — looked catered, not just delivered. Already booked our next order.",23
223,3,Harbor Fresh Kitchen,American,silver,2024-10-11,4,The food was absolutely delicious. Incredibly fresh — you could taste the quality.,13
765,10,New England Deli,American,needs_improvement,2024-10-11,4,Best catering we have had in the office. The flavors were bold and authentic.,14
335,4,Bella Cucina Events,Italian,platinum,2024-10-11,5,Portions were generous and well-presented. On-time delivery made our event stress-free. Competitive pricing without sacrificing quality.,16
321,4,Bella Cucina Events,Italian,platinum,2024-10-13,5,On-time delivery made our event stress-free. Hot food arrived hot — impressive logistics. We will definitely be ordering again.,19
1034,13,The Smokehouse BBQ,BBQ,silver,2024-10-14,4,Best catering we have had in the office. Everything tasted fresh and flavorful.,13
676,8,Mediterranean Table,Mediterranean,platinum,2024-10-14,5,A perfect variety of options for all dietary needs. A perfect variety of options for all dietary needs. Affordable and filling — will order again.,25
257,4,Bella Cucina Events,Italian,platinum,2024-10-16,5,The quality of the ingredients was outstanding. The driver was courteous and helpful with setup. We will definitely be ordering again.,21
982,12,Pacific Rim Catering,Asian Fusion,silver,2024-10-17,4,"On-time delivery made our event stress-free. Everything was labeled clearly, including allergen info.",13
1199,15,Federal Street Fare,American,needs_improvement,2024-10-21,4,On-time delivery made our event stress-free. Everything tasted fresh and flavorful.,11
162,2,Spice Route Catering,Indian,gold,2024-10-21,5,Showed up early and had everything ready before our guests arrived. Everything tasted fresh and flavorful. We have used them three times and they get better every time.,28
1044,13,The Smokehouse BBQ,BBQ,silver,2024-10-22,4,Everything tasted fresh and flavorful. The driver was courteous and helpful with setup.,13
352,5,Green Garden Catering,Vegetarian,gold,2024-10-23,4,Best catering we have had in the office. The food exceeded our expectations.,13
858,11,Saffron House,Middle Eastern,gold,2024-10-24,5,"The delivery team handled a difficult parking situation gracefully. Arrived right on time, which is rare. We have used them three times and they get better every time.",28
805,10,New England Deli,American,needs_improvement,2024-10-24,4,On-time delivery made our event stress-free. Packaging was neat and easy to serve.,13
720,9,Seoul Kitchen Catering,Korean,gold,2024-10-24,5,"Portions were generous and well-presented. Arrived right on time, which is rare. We have used them three times and they get better every time.",24
701,9,Seoul Kitchen Catering,Korean,gold,2024-10-24,4,The driver was courteous and helpful with setup. Incredibly fresh — you could taste the quality.,16
1056,13,The Smokehouse BBQ,BBQ,silver,2024-10-24,4,The delivery team handled a difficult parking situation gracefully. A perfect variety of options for all dietary needs.,18
785,10,New England Deli,American,needs_improvement,2024-10-25,4,Our team raved about the food all afternoon. Incredibly fresh — you could taste the quality.,16
276,4,Bella Cucina Events,Italian,platinum,2024-10-26,5,"The driver was courteous and helpful with setup. Everything was labeled clearly, including allergen info. Affordable and filling — will order again.",22
1055,13,The Smokehouse BBQ,BBQ,silver,2024-10-26,4,The driver was courteous and helpful with setup. Portions were generous and well-presented.,13
604,8,Mediterranean Table,Mediterranean,platinum,2024-10-26,5,Our team raved about the food all afternoon. Showed up early and had everything ready before our guests arrived. Highly recommend to other offices in the area.,27
791,10,New England Deli,American,needs_improvement,2024-10-26,4,"Showed up early and had everything ready before our guests arrived. The presentation was beautiful — looked catered, not just delivered.",21
231,3,Harbor Fresh Kitchen,American,silver,2024-10-27,4,Incredibly fresh — you could taste the quality. Packaging was neat and easy to serve.,15
727,9,Seoul Kitchen Catering,Korean,gold,2024-10-27,4,Our team raved about the food all afternoon. Hot food arrived hot — impressive logistics.,15
447,6,Taqueria Del Sol,Mexican,gold,2024-10-28,4,The food exceeded our expectations. The flavors were bold and authentic.,11
1169,15,Federal Street Fare,American,needs_improvement,2024-10-29,4,"The flavors were bold and authentic. Everything was labeled clearly, including allergen info.",13
848,11,Saffron House,Middle Eastern,gold,2024-10-30,4,The delivery team handled a difficult parking situation gracefully. The flavors were bold and authentic.,15
797,10,New England Deli,American,needs_improvement,2024-10-31,4,"Arrived right on time, which is rare. Showed up early and had everything ready before our guests arrived.",18
931,12,Pacific Rim Catering,Asian Fusion,silver,2024-11-01,4,Our team raved about the food all afternoon. The delivery team handled a difficult parking situation gracefully.,17
1153,15,Federal Street Fare,American,needs_improvement,2024-11-02,4,"Everything tasted fresh and flavorful. The presentation was beautiful — looked catered, not just delivered.",15
667,8,Mediterranean Table,Mediterranean,platinum,2024-11-02,5,"Arrived right on time, which is rare. Everything was labeled clearly, including allergen info. Great value for the price.",19
431,5,Green Garden Catering,Vegetarian,gold,2024-11-02,5,Best catering we have had in the office. Portions were generous and well-presented. We will definitely be ordering again.,19
106,2,Spice Route Catering,Indian,gold,2024-11-03,5,The delivery team handled a difficult parking situation gracefully. The driver was courteous and helpful with setup. We have used them three times and they get better every time.,29
1005,13,The Smokehouse BBQ,BBQ,silver,2024-11-03,4,On-time delivery made our event stress-free. Delivery was prompt and professional.,11
400,5,Green Garden Catering,Vegetarian,gold,2024-11-04,5,Our team raved about the food all afternoon. The quality of the ingredients was outstanding. We will definitely be ordering again.,21
364,5,Green Garden Catering,Vegetarian,gold,2024-11-04,5,Our team raved about the food all afternoon. The driver was courteous and helpful with setup. Worth every penny for a team of 50.,24
650,8,Mediterranean Table,Mediterranean,platinum,2024-11-04,5,Portions were generous and well-presented. The food was absolutely delicious. Our go-to caterer for all company events.,17
922,12,Pacific Rim Catering,Asian Fusion,silver,2024-11-05,4,On-time delivery made our event stress-free. The delivery team handled a difficult parking situation gracefully.,15
397,5,Green Garden Catering,Vegetarian,gold,2024-11-06,5,Delivery was prompt and professional. The flavors were bold and authentic. Our go-to caterer for all company events.,18
723,9,Seoul Kitchen Catering,Korean,gold,2024-11-07,4,"The delivery team handled a difficult parking situation gracefully. Everything was labeled clearly, including allergen info.",16
56,1,Boston Box Lunch Co.,American,platinum,2024-11-07,4,The food exceeded our expectations. The food exceeded our expectations.,10
157,2,Spice Route Catering,Indian,gold,2024-11-08,5,On-time delivery made our event stress-free. Portions were generous and well-presented. Affordable and filling — will order again.,18
554,7,The Grain Bowl,American,silver,2024-11-10,4,Best catering we have had in the office. Our team raved about the food all afternoon.,16
1175,15,Federal Street Fare,American,needs_improvement,2024-11-10,4,Our team raved about the food all afternoon. Best catering we have had in the office.,16
862,11,Saffron House,Middle Eastern,gold,2024-11-11,5,The flavors were bold and authentic. A perfect variety of options for all dietary needs. We will definitely be ordering again.,21
309,4,Bella Cucina Events,Italian,platinum,2024-11-12,5,Showed up early and had everything ready before our guests arrived. A perfect variety of options for all dietary needs. Great value for the price.,25
1008,13,The Smokehouse BBQ,BBQ,silver,2024-11-13,4,"Arrived right on time, which is rare. Hot food arrived hot — impressive logistics.",14
1007,13,The Smokehouse BBQ,BBQ,silver,2024-11-13,4,Delivery was prompt and professional. A perfect variety of options for all dietary needs.,14
546,7,The Grain Bowl,American,silver,2024-11-15,4,On-time delivery made our event stress-free. The driver was courteous and helpful with setup.,14
583,7,The Grain Bowl,American,silver,2024-11-15,4,"Delivery was prompt and professional. Each item was packaged individually, which our team appreciated.",14
404,5,Green Garden Catering,Vegetarian,gold,2024-11-15,5,Delivery was prompt and professional. On-time delivery made our event stress-free. Affordable and filling — will order again.,18
486,6,Taqueria Del Sol,Mexican,gold,2024-11-16,4,Delivery was prompt and professional. The delivery team handled a difficult parking situation gracefully.,14
748,9,Seoul Kitchen Catering,Korean,gold,2024-11-16,4,Hot food arrived hot — impressive logistics. Portions were generous and well-presented.,12
1164,15,Federal Street Fare,American,needs_improvement,2024-11-17,4,"The driver was courteous and helpful with setup. The presentation was beautiful — looked catered, not just delivered.",18
112,2,Spice Route Catering,Indian,gold,2024-11-17,4,The delivery team handled a difficult parking situation gracefully. Incredibly fresh — you could taste the quality.,17
893,11,Saffron House,Middle Eastern,gold,2024-11-17,4,Our team raved about the food all afternoon. The driver was courteous and helpful with setup.,16
728,9,Seoul Kitchen Catering,Korean,gold,2024-11-17,5,On-time delivery made our event stress-free. On-time delivery made our event stress-free. Affordable and filling — will order again.,19
1123,14,Garden State Greens,Vegetarian,silver,2024-11-18,5,"Arrived right on time, which is rare. The presentation was beautiful — looked catered, not just delivered. Competitive pricing without sacrificing quality.",22
770,10,New England Deli,American,needs_improvement,2024-11-18,4,Hot food arrived hot — impressive logistics. On-time delivery made our event stress-free.,13
989,12,Pacific Rim Catering,Asian Fusion,silver,2024-11-19,4,"On-time delivery made our event stress-free. The presentation was beautiful — looked catered, not just delivered.",16
1112,14,Garden State Greens,Vegetarian,silver,2024-11-19,4,A perfect variety of options for all dietary needs. Eco-friendly containers were a nice touch.,15
918,12,Pacific Rim Catering,Asian Fusion,silver,2024-11-22,4,Hot food arrived hot — impressive logistics. The food exceeded our expectations.,12
91,1,Boston Box Lunch Co.,American,platinum,2024-11-23,5,Showed up early and had everything ready before our guests arrived. Portions were generous and well-presented. We have used them three times and they get better every time.,28
1060,13,The Smokehouse BBQ,BBQ,silver,2024-11-23,4,Best catering we have had in the office. The food was absolutely delicious.,13
673,8,Mediterranean Table,Mediterranean,platinum,2024-11-23,5,"The food exceeded our expectations. Each item was packaged individually, which our team appreciated. We have used them three times and they get better every time.",26
1006,13,The Smokehouse BBQ,BBQ,silver,2024-11-23,4,A perfect variety of options for all dietary needs. Hot food arrived hot — impressive logistics.,16
630,8,Mediterranean Table,Mediterranean,platinum,2024-11-24,5,"On-time delivery made our event stress-free. Everything was labeled clearly, including allergen info. Affordable and filling — will order again.",20
582,7,The Grain Bowl,American,silver,2024-11-24,4,"The food exceeded our expectations. Arrived right on time, which is rare.",12
492,6,Taqueria Del Sol,Mexican,gold,2024-11-24,4,"The delivery team handled a difficult parking situation gracefully. Everything was labeled clearly, including allergen info.",16
685,9,Seoul Kitchen Catering,Korean,gold,2024-11-24,5,The flavors were bold and authentic. The delivery team handled a difficult parking situation gracefully. Our go-to caterer for all company events.,22
722,9,Seoul Kitchen Catering,Korean,gold,2024-11-25,5,On-time delivery made our event stress-free. The quality of the ingredients was outstanding. Worth every penny for a team of 50.,21
560,7,The Grain Bowl,American,silver,2024-11-25,4,On-time delivery made our event stress-free. Packaging was neat and easy to serve.,13
933,12,Pacific Rim Catering,Asian Fusion,silver,2024-11-26,4,"Arrived right on time, which is rare. Everything tasted fresh and flavorful.",12
792,10,New England Deli,American,needs_improvement,2024-11-26,4,Delivery was prompt and professional. Everything tasted fresh and flavorful.,10
293,4,Bella Cucina Events,Italian,platinum,2024-11-26,5,Showed up early and had everything ready before our guests arrived. Best catering we have had in the office. We will definitely be ordering again.,25
394,5,Green Garden Catering,Vegetarian,gold,2024-11-26,5,Incredibly fresh — you could taste the quality. The food was absolutely delicious. We will definitely be ordering again.,19
981,12,Pacific Rim Catering,Asian Fusion,silver,2024-11-27,4,The food exceeded our expectations. The driver was courteous and helpful with setup.,13
553,7,The Grain Bowl,American,silver,2024-11-27,4,Delivery was prompt and professional. Showed up early and had everything ready before our guests arrived.,16
149,2,Spice Route Catering,Indian,gold,2024-11-28,4,Showed up early and had everything ready before our guests arrived. The flavors were bold and authentic.,17
130,2,Spice Route Catering,Indian,gold,2024-11-28,4,Incredibly fresh — you could taste the quality. A perfect variety of options for all dietary needs.,17
699,9,Seoul Kitchen Catering,Korean,gold,2024-11-29,4,Everything tasted fresh and flavorful. The flavors were bold and authentic.,11
998,13,The Smokehouse BBQ,BBQ,silver,2024-11-30,4,The food exceeded our expectations. Best catering we have had in the office.,13
666,8,Mediterranean Table,Mediterranean,platinum,2024-12-01,4,"Arrived right on time, which is rare. Our team raved about the food all afternoon.",15
622,8,Mediterranean Table,Mediterranean,platinum,2024-12-01,5,Delivery was prompt and professional. Incredibly fresh — you could taste the quality. Already booked our next order.,18
462,6,Taqueria Del Sol,Mexican,gold,2024-12-02,4,The driver was courteous and helpful with setup. Packaging was neat and easy to serve.,15
679,8,Mediterranean Table,Mediterranean,platinum,2024-12-03,5,On-time delivery made our event stress-free. On-time delivery made our event stress-free. Affordable and filling — will order again.,19
733,9,Seoul Kitchen Catering,Korean,gold,2024-12-03,4,The delivery team handled a difficult parking situation gracefully. Best catering we have had in the office.,17
923,12,Pacific Rim Catering,Asian Fusion,silver,2024-12-03,4,Delivery was prompt and professional. Everything tasted fresh and flavorful.,10
176,3,Harbor Fresh Kitchen,American,silver,2024-12-04,4,Everything tasted fresh and flavorful. A perfect variety of options for all dietary needs.,14
962,12,Pacific Rim Catering,Asian Fusion,silver,2024-12-06,5,Everything tasted fresh and flavorful. Best catering we have had in the office. Worth every penny for a team of 50.,21
358,5,Green Garden Catering,Vegetarian,gold,2024-12-06,4,The delivery team handled a difficult parking situation gracefully. Incredibly fresh — you could taste the quality.,17
779,10,New England Deli,American,needs_improvement,2024-12-07,4,On-time delivery made our event stress-free. The quality of the ingredients was outstanding.,13
1147,15,Federal Street Fare,American,needs_improvement,2024-12-07,4,Our team raved about the food all afternoon. The food exceeded our expectations.,13
609,8,Mediterranean Table,Mediterranean,platinum,2024-12-07,5,Hot food arrived hot — impressive logistics. Hot food arrived hot — impressive logistics. Our go-to caterer for all company events.,21
44,1,Boston Box Lunch Co.,American,platinum,2024-12-09,5,A perfect variety of options for all dietary needs. The food was absolutely delicious. Affordable and filling — will order again.,21
613,8,Mediterranean Table,Mediterranean,platinum,2024-12-09,4,"Arrived right on time, which is rare. The food was absolutely delicious.",12
227,3,Harbor Fresh Kitchen,American,silver,2024-12-09,4,The flavors were bold and authentic. Incredibly fresh — you could taste the quality.,14
1013,13,The Smokehouse BBQ,BBQ,silver,2024-12-09,4,"The food was absolutely delicious. Each item was packaged individually, which our team appreciated.",14
681,9,Seoul Kitchen Catering,Korean,gold,2024-12-09,4,Delivery was prompt and professional. Eco-friendly containers were a nice touch.,11
606,8,Mediterranean Table,Mediterranean,platinum,2024-12-09,4,The quality of the ingredients was outstanding. Delivery was prompt and professional.,12
113,2,Spice Route Catering,Indian,gold,2024-12-10,5,"Arrived right on time, which is rare. The delivery team handled a difficult parking situation gracefully. Worth every penny for a team of 50.",24
331,4,Bella Cucina Events,Italian,platinum,2024-12-10,5,Everything tasted fresh and flavorful. Everything tasted fresh and flavorful. Competitive pricing without sacrificing quality.,15
127,2,Spice Route Catering,Indian,gold,2024-12-10,5,Everything tasted fresh and flavorful. The food was absolutely delicious. Great value for the price.,15
1130,14,Garden State Greens,Vegetarian,silver,2024-12-10,5,A perfect variety of options for all dietary needs. The driver was courteous and helpful with setup. Highly recommend to other offices in the area.,25
1028,13,The Smokehouse BBQ,BBQ,silver,2024-12-11,4,Portions were generous and well-presented. The flavors were bold and authentic.,11
980,12,Pacific Rim Catering,Asian Fusion,silver,2024-12-11,4,"Arrived right on time, which is rare. The delivery team handled a difficult parking situation gracefully.",16
670,8,Mediterranean Table,Mediterranean,platinum,2024-12-12,5,"On-time delivery made our event stress-free. The presentation was beautiful — looked catered, not just delivered. Affordable and filling — will order again.",23
320,4,Bella Cucina Events,Italian,platinum,2024-12-12,5,On-time delivery made our event stress-free. Everything tasted fresh and flavorful. We will definitely be ordering again.,17
924,12,Pacific Rim Catering,Asian Fusion,silver,2024-12-13,4,The food was absolutely delicious. Best catering we have had in the office.,13
21,1,Boston Box Lunch Co.,American,platinum,2024-12-14,5,The food was absolutely delicious. The flavors were bold and authentic. Highly recommend to other offices in the area.,19
950,12,Pacific Rim Catering,Asian Fusion,silver,2024-12-14,4,"The food exceeded our expectations. Everything was labeled clearly, including allergen info.",12
78,1,Boston Box Lunch Co.,American,platinum,2024-12-16,5,The delivery team handled a difficult parking situation gracefully. The food exceeded our expectations. Highly recommend to other offices in the area.,22
538,7,The Grain Bowl,American,silver,2024-12-16,4,Portions were generous and well-presented. The food was absolutely delicious.,10
1061,13,The Smokehouse BBQ,BBQ,silver,2024-12-17,4,"Everything tasted fresh and flavorful. Arrived right on time, which is rare.",12
737,9,Seoul Kitchen Catering,Korean,gold,2024-12-19,5,Incredibly fresh — you could taste the quality. The flavors were bold and authentic. Competitive pricing without sacrificing quality.,19
689,9,Seoul Kitchen Catering,Korean,gold,2024-12-19,5,Showed up early and had everything ready before our guests arrived. Our team raved about the food all afternoon. Worth every penny for a team of 50.,27
528,7,The Grain Bowl,American,silver,2024-12-20,4,"The delivery team handled a difficult parking situation gracefully. The presentation was beautiful — looked catered, not just delivered.",19
675,8,Mediterranean Table,Mediterranean,platinum,2024-12-20,5,Delivery was prompt and professional. Packaging was neat and easy to serve. Worth every penny for a team of 50.,20
540,7,The Grain Bowl,American,silver,2024-12-20,4,"Arrived right on time, which is rare. Delivery was prompt and professional.",12
869,11,Saffron House,Middle Eastern,gold,2024-12-20,4,Showed up early and had everything ready before our guests arrived. Our team raved about the food all afternoon.,19
1197,15,Federal Street Fare,American,needs_improvement,2024-12-21,4,Showed up early and had everything ready before our guests arrived. A perfect variety of options for all dietary needs.,20
393,5,Green Garden Catering,Vegetarian,gold,2024-12-22,5,On-time delivery made our event stress-free. A perfect variety of options for all dietary needs. Our go-to caterer for all company events.,22
680,9,Seoul Kitchen Catering,Korean,gold,2024-12-23,4,The food was absolutely delicious. Hot food arrived hot — impressive logistics.,12
483,6,Taqueria Del Sol,Mexican,gold,2024-12-23,4,Showed up early and had everything ready before our guests arrived. The quality of the ingredients was outstanding.,18
640,8,Mediterranean Table,Mediterranean,platinum,2024-12-23,4,Everything tasted fresh and flavorful. The food exceeded our expectations.,10
28,1,Boston Box Lunch Co.,American,platinum,2024-12-24,5,"The driver was courteous and helpful with setup. Each item was packaged individually, which our team appreciated. Our go-to caterer for all company events.",24
108,2,Spice Route Catering,Indian,gold,2024-12-24,5,The food exceeded our expectations. Delivery was prompt and professional. Great value for the price.,15
806,10,New England Deli,American,needs_improvement,2024-12-24,4,The delivery team handled a difficult parking situation gracefully. A perfect variety of options for all dietary needs.,18
646,8,Mediterranean Table,Mediterranean,platinum,2024-12-24,5,The delivery team handled a difficult parking situation gracefully. The delivery team handled a difficult parking situation gracefully. Already booked our next order.,23
738,9,Seoul Kitchen Catering,Korean,gold,2024-12-25,5,The food exceeded our expectations. The quality of the ingredients was outstanding. Affordable and filling — will order again.,19
586,7,The Grain Bowl,American,silver,2024-12-26,4,The food exceeded our expectations. Our team raved about the food all afternoon.,13
908,11,Saffron House,Middle Eastern,gold,2024-12-27,5,"Best catering we have had in the office. Arrived right on time, which is rare. Affordable and filling — will order again.",22
445,6,Taqueria Del Sol,Mexican,gold,2024-12-27,5,"Showed up early and had everything ready before our guests arrived. Each item was packaged individually, which our team appreciated. We will definitely be ordering again.",26
1011,13,The Smokehouse BBQ,BBQ,silver,2024-12-27,4,"The delivery team handled a difficult parking situation gracefully. Each item was packaged individually, which our team appreciated.",18
1022,13,The Smokehouse BBQ,BBQ,silver,2024-12-27,4,On-time delivery made our event stress-free. A perfect variety of options for all dietary needs.,15
967,12,Pacific Rim Catering,Asian Fusion,silver,2024-12-28,4,Our team raved about the food all afternoon. The quality of the ingredients was outstanding.,15
986,12,Pacific Rim Catering,Asian Fusion,silver,2024-12-28,4,"The food exceeded our expectations. Each item was packaged individually, which our team appreciated.",14
651,8,Mediterranean Table,Mediterranean,platinum,2024-12-28,5,The quality of the ingredients was outstanding. Incredibly fresh — you could taste the quality. Already booked our next order.,20
1183,15,Federal Street Fare,American,needs_improvement,2024-12-29,4,"Arrived right on time, which is rare. The driver was courteous and helpful with setup.",15
333,4,Bella Cucina Events,Italian,platinum,2024-12-29,4,"Arrived right on time, which is rare. Incredibly fresh — you could taste the quality.",15
804,10,New England Deli,American,needs_improvement,2024-12-29,4,Hot food arrived hot — impressive logistics. Everything tasted fresh and flavorful.,12
886,11,Saffron House,Middle Eastern,gold,2024-12-29,5,"Arrived right on time, which is rare. Each item was packaged individually, which our team appreciated. Affordable and filling — will order again.",23
1057,13,The Smokehouse BBQ,BBQ,silver,2024-12-30,4,"The flavors were bold and authentic. The presentation was beautiful — looked catered, not just delivered.",16
860,11,Saffron House,Middle Eastern,gold,2024-12-30,5,The food exceeded our expectations. Hot food arrived hot — impressive logistics. We will definitely be ordering again.,18
661,8,Mediterranean Table,Mediterranean,platinum,2024-12-30,5,The food exceeded our expectations. Everything tasted fresh and flavorful. Worth every penny for a team of 50.,18
11,1,Boston Box Lunch Co.,American,platinum,2024-12-30,5,The flavors were bold and authentic. Everything tasted fresh and flavorful. Affordable and filling — will order again.,18
1047,13,The Smokehouse BBQ,BBQ,silver,2024-12-30,4,A perfect variety of options for all dietary needs. Hot food arrived hot — impressive logistics.,16
1087,14,Garden State Greens,Vegetarian,silver,2024-12-31,5,Hot food arrived hot — impressive logistics. Our team raved about the food all afternoon. Already booked our next order.,20
1069,14,Garden State Greens,Vegetarian,silver,2024-12-31,4,Our team raved about the food all afternoon. Best catering we have had in the office.,16
